sequence_id,sequence_label,adc_samples,tool_key,tool_label,run,total_ms,total_seconds,median_seconds,q1_seconds,q3_seconds,status,error_type,error_message
writeCineGradientEcho,Cine GRE,138240,seqeyes,SeqEyes-Plus,1,471.30000019073486,0.47130000019073487,0.3693000001907349,0.36719999980926515,0.38089999961853027,complete,,
writeCineGradientEcho,Cine GRE,138240,seqeyes,SeqEyes-Plus,2,367.19999980926514,0.36719999980926515,0.3693000001907349,0.36719999980926515,0.38089999961853027,complete,,
writeCineGradientEcho,Cine GRE,138240,seqeyes,SeqEyes-Plus,3,380.8999996185303,0.38089999961853027,0.3693000001907349,0.36719999980926515,0.38089999961853027,complete,,
writeCineGradientEcho,Cine GRE,138240,seqeyes,SeqEyes-Plus,4,365.90000009536743,0.36590000009536744,0.3693000001907349,0.36719999980926515,0.38089999961853027,complete,,
writeCineGradientEcho,Cine GRE,138240,seqeyes,SeqEyes-Plus,5,369.30000019073486,0.3693000001907349,0.3693000001907349,0.36719999980926515,0.38089999961853027,complete,,
writeCineGradientEcho,Cine GRE,138240,matlab,Pulseq MATLAB,1,9479.938416666666,9.479938416666666,9.619717458333334,9.593472,9.651835916666666,complete,,
writeCineGradientEcho,Cine GRE,138240,matlab,Pulseq MATLAB,2,9619.717458333334,9.619717458333334,9.619717458333334,9.593472,9.651835916666666,complete,,
writeCineGradientEcho,Cine GRE,138240,matlab,Pulseq MATLAB,3,9651.835916666667,9.651835916666666,9.619717458333334,9.593472,9.651835916666666,complete,,
writeCineGradientEcho,Cine GRE,138240,matlab,Pulseq MATLAB,4,9593.472,9.593472,9.619717458333334,9.593472,9.651835916666666,complete,,
writeCineGradientEcho,Cine GRE,138240,matlab,Pulseq MATLAB,5,9753.800333333333,9.753800333333333,9.619717458333334,9.593472,9.651835916666666,complete,,
writeCineGradientEcho,Cine GRE,138240,pypulseq,PyPulseq,1,3954.380542039871,3.954380542039871,4.222636125050485,4.153271500021219,4.2880054586566985,complete,,
writeCineGradientEcho,Cine GRE,138240,pypulseq,PyPulseq,2,4153.271500021219,4.153271500021219,4.222636125050485,4.153271500021219,4.2880054586566985,complete,,
writeCineGradientEcho,Cine GRE,138240,pypulseq,PyPulseq,3,4369.316250085831,4.369316250085831,4.222636125050485,4.153271500021219,4.2880054586566985,complete,,
writeCineGradientEcho,Cine GRE,138240,pypulseq,PyPulseq,4,4288.0054586566985,4.2880054586566985,4.222636125050485,4.153271500021219,4.2880054586566985,complete,,
writeCineGradientEcho,Cine GRE,138240,pypulseq,PyPulseq,5,4222.636125050485,4.222636125050485,4.222636125050485,4.153271500021219,4.2880054586566985,complete,,
writeEpi,EPI,12288,seqeyes,SeqEyes-Plus,1,122.19999980926514,0.12219999980926513,0.12430000019073487,0.12409999990463257,0.13819999980926514,complete,,
writeEpi,EPI,12288,seqeyes,SeqEyes-Plus,2,124.30000019073486,0.12430000019073487,0.12430000019073487,0.12409999990463257,0.13819999980926514,complete,,
writeEpi,EPI,12288,seqeyes,SeqEyes-Plus,3,124.09999990463257,0.12409999990463257,0.12430000019073487,0.12409999990463257,0.13819999980926514,complete,,
writeEpi,EPI,12288,seqeyes,SeqEyes-Plus,4,138.19999980926514,0.13819999980926514,0.12430000019073487,0.12409999990463257,0.13819999980926514,complete,,
writeEpi,EPI,12288,seqeyes,SeqEyes-Plus,5,152.19999980926514,0.15219999980926513,0.12430000019073487,0.12409999990463257,0.13819999980926514,complete,,
writeEpi,EPI,12288,matlab,Pulseq MATLAB,1,1125.7832083333333,1.1257832083333332,1.0160333333333333,0.9728043333333334,1.1150805416666667,complete,,
writeEpi,EPI,12288,matlab,Pulseq MATLAB,2,1115.0805416666667,1.1150805416666667,1.0160333333333333,0.9728043333333334,1.1150805416666667,complete,,
writeEpi,EPI,12288,matlab,Pulseq MATLAB,3,948.6018333333334,0.9486018333333334,1.0160333333333333,0.9728043333333334,1.1150805416666667,complete,,
writeEpi,EPI,12288,matlab,Pulseq MATLAB,4,1016.0333333333333,1.0160333333333333,1.0160333333333333,0.9728043333333334,1.1150805416666667,complete,,
writeEpi,EPI,12288,matlab,Pulseq MATLAB,5,972.8043333333334,0.9728043333333334,1.0160333333333333,0.9728043333333334,1.1150805416666667,complete,,
writeEpi,EPI,12288,pypulseq,PyPulseq,1,357.2076251730323,0.3572076251730323,0.36030916683375835,0.3572076251730323,0.388800207991153,complete,,
writeEpi,EPI,12288,pypulseq,PyPulseq,2,389.20299988240004,0.38920299988240004,0.36030916683375835,0.3572076251730323,0.388800207991153,complete,,
writeEpi,EPI,12288,pypulseq,PyPulseq,3,360.30916683375835,0.36030916683375835,0.36030916683375835,0.3572076251730323,0.388800207991153,complete,,
writeEpi,EPI,12288,pypulseq,PyPulseq,4,336.108457762748,0.336108457762748,0.36030916683375835,0.3572076251730323,0.388800207991153,complete,,
writeEpi,EPI,12288,pypulseq,PyPulseq,5,388.800207991153,0.388800207991153,0.36030916683375835,0.3572076251730323,0.388800207991153,complete,,
writeEpiDiffusionRS,writeEpiDiffusionRS,31248,seqeyes,SeqEyes-Plus,1,151.7000002861023,0.15170000028610228,0.15170000028610228,0.1515,0.15340000009536744,complete,,
writeEpiDiffusionRS,writeEpiDiffusionRS,31248,seqeyes,SeqEyes-Plus,2,182.19999980926514,0.18219999980926513,0.15170000028610228,0.1515,0.15340000009536744,complete,,
writeEpiDiffusionRS,writeEpiDiffusionRS,31248,seqeyes,SeqEyes-Plus,3,153.40000009536743,0.15340000009536744,0.15170000028610228,0.1515,0.15340000009536744,complete,,
writeEpiDiffusionRS,writeEpiDiffusionRS,31248,seqeyes,SeqEyes-Plus,4,138.2999997138977,0.1382999997138977,0.15170000028610228,0.1515,0.15340000009536744,complete,,
writeEpiDiffusionRS,writeEpiDiffusionRS,31248,seqeyes,SeqEyes-Plus,5,151.5,0.1515,0.15170000028610228,0.1515,0.15340000009536744,complete,,
writeEpiDiffusionRS,writeEpiDiffusionRS,31248,matlab,Pulseq MATLAB,1,1418.2968333333333,1.4182968333333332,1.241200875,1.2308073333333334,1.4182968333333332,complete,,
writeEpiDiffusionRS,writeEpiDiffusionRS,31248,matlab,Pulseq MATLAB,2,1494.902125,1.494902125,1.241200875,1.2308073333333334,1.4182968333333332,complete,,
writeEpiDiffusionRS,writeEpiDiffusionRS,31248,matlab,Pulseq MATLAB,3,1241.200875,1.241200875,1.241200875,1.2308073333333334,1.4182968333333332,complete,,
writeEpiDiffusionRS,writeEpiDiffusionRS,31248,matlab,Pulseq MATLAB,4,1230.8073333333334,1.2308073333333334,1.241200875,1.2308073333333334,1.4182968333333332,complete,,
writeEpiDiffusionRS,writeEpiDiffusionRS,31248,matlab,Pulseq MATLAB,5,1130.6151666666667,1.1306151666666666,1.241200875,1.2308073333333334,1.4182968333333332,complete,,
writeEpiDiffusionRS,writeEpiDiffusionRS,31248,pypulseq,PyPulseq,1,487.7952910028398,0.4877952910028398,0.4889675001613796,0.4883995419368148,0.489609207957983,complete,,
writeEpiDiffusionRS,writeEpiDiffusionRS,31248,pypulseq,PyPulseq,2,488.3995419368148,0.4883995419368148,0.4889675001613796,0.4883995419368148,0.489609207957983,complete,,
writeEpiDiffusionRS,writeEpiDiffusionRS,31248,pypulseq,PyPulseq,3,489.609207957983,0.489609207957983,0.4889675001613796,0.4883995419368148,0.489609207957983,complete,,
writeEpiDiffusionRS,writeEpiDiffusionRS,31248,pypulseq,PyPulseq,4,491.5115418843925,0.4915115418843925,0.4889675001613796,0.4883995419368148,0.489609207957983,complete,,
writeEpiDiffusionRS,writeEpiDiffusionRS,31248,pypulseq,PyPulseq,5,488.9675001613796,0.4889675001613796,0.4889675001613796,0.4883995419368148,0.489609207957983,complete,,
writeEpiDiffusionRS_PMC,EPI diffusion RS + PMC,36456,seqeyes,SeqEyes-Plus,1,138.00000047683716,0.13800000047683716,0.152,0.13800000047683716,0.15269999980926513,complete,,
writeEpiDiffusionRS_PMC,EPI diffusion RS + PMC,36456,seqeyes,SeqEyes-Plus,2,166.49999952316284,0.16649999952316283,0.152,0.13800000047683716,0.15269999980926513,complete,,
writeEpiDiffusionRS_PMC,EPI diffusion RS + PMC,36456,seqeyes,SeqEyes-Plus,3,152.0,0.152,0.152,0.13800000047683716,0.15269999980926513,complete,,
writeEpiDiffusionRS_PMC,EPI diffusion RS + PMC,36456,seqeyes,SeqEyes-Plus,4,152.69999980926514,0.15269999980926513,0.152,0.13800000047683716,0.15269999980926513,complete,,
writeEpiDiffusionRS_PMC,EPI diffusion RS + PMC,36456,seqeyes,SeqEyes-Plus,5,137.2000002861023,0.1372000002861023,0.152,0.13800000047683716,0.15269999980926513,complete,,
writeEpiDiffusionRS_PMC,EPI diffusion RS + PMC,36456,matlab,Pulseq MATLAB,1,1760.3092916666667,1.7603092916666667,1.1376787916666666,1.1171826666666667,1.2367439583333333,complete,,
writeEpiDiffusionRS_PMC,EPI diffusion RS + PMC,36456,matlab,Pulseq MATLAB,2,1137.6787916666667,1.1376787916666666,1.1376787916666666,1.1171826666666667,1.2367439583333333,complete,,
writeEpiDiffusionRS_PMC,EPI diffusion RS + PMC,36456,matlab,Pulseq MATLAB,3,1236.7439583333332,1.2367439583333333,1.1376787916666666,1.1171826666666667,1.2367439583333333,complete,,
writeEpiDiffusionRS_PMC,EPI diffusion RS + PMC,36456,matlab,Pulseq MATLAB,4,1117.1826666666666,1.1171826666666667,1.1376787916666666,1.1171826666666667,1.2367439583333333,complete,,
writeEpiDiffusionRS_PMC,EPI diffusion RS + PMC,36456,matlab,Pulseq MATLAB,5,1089.4459583333335,1.0894459583333336,1.1376787916666666,1.1171826666666667,1.2367439583333333,complete,,
writeEpiDiffusionRS_PMC,EPI diffusion RS + PMC,36456,pypulseq,PyPulseq,1,885.7211670838296,0.8857211670838296,0.5601382912136614,0.5569834169000387,0.5667617078870535,complete,,
writeEpiDiffusionRS_PMC,EPI diffusion RS + PMC,36456,pypulseq,PyPulseq,2,566.7617078870535,0.5667617078870535,0.5601382912136614,0.5569834169000387,0.5667617078870535,complete,,
writeEpiDiffusionRS_PMC,EPI diffusion RS + PMC,36456,pypulseq,PyPulseq,3,550.8913332596421,0.5508913332596421,0.5601382912136614,0.5569834169000387,0.5667617078870535,complete,,
writeEpiDiffusionRS_PMC,EPI diffusion RS + PMC,36456,pypulseq,PyPulseq,4,560.1382912136614,0.5601382912136614,0.5601382912136614,0.5569834169000387,0.5667617078870535,complete,,
writeEpiDiffusionRS_PMC,EPI diffusion RS + PMC,36456,pypulseq,PyPulseq,5,556.9834169000387,0.5569834169000387,0.5601382912136614,0.5569834169000387,0.5667617078870535,complete,,
writeEpiRS,EPI-RS,5120,seqeyes,SeqEyes-Plus,1,116.59999942779541,0.1165999994277954,0.1165999994277954,0.1155,0.13639999961853028,complete,,
writeEpiRS,EPI-RS,5120,seqeyes,SeqEyes-Plus,2,115.30000066757202,0.11530000066757203,0.1165999994277954,0.1155,0.13639999961853028,complete,,
writeEpiRS,EPI-RS,5120,seqeyes,SeqEyes-Plus,3,145.50000047683716,0.14550000047683717,0.1165999994277954,0.1155,0.13639999961853028,complete,,
writeEpiRS,EPI-RS,5120,seqeyes,SeqEyes-Plus,4,115.5,0.1155,0.1165999994277954,0.1155,0.13639999961853028,complete,,
writeEpiRS,EPI-RS,5120,seqeyes,SeqEyes-Plus,5,136.39999961853027,0.13639999961853028,0.1165999994277954,0.1155,0.13639999961853028,complete,,
writeEpiRS,EPI-RS,5120,matlab,Pulseq MATLAB,1,874.90025,0.87490025,0.7876786666666666,0.7709941666666666,0.87490025,complete,,
writeEpiRS,EPI-RS,5120,matlab,Pulseq MATLAB,2,787.6786666666667,0.7876786666666666,0.7876786666666666,0.7709941666666666,0.87490025,complete,,
writeEpiRS,EPI-RS,5120,matlab,Pulseq MATLAB,3,747.6612500000001,0.74766125,0.7876786666666666,0.7709941666666666,0.87490025,complete,,
writeEpiRS,EPI-RS,5120,matlab,Pulseq MATLAB,4,770.9941666666666,0.7709941666666666,0.7876786666666666,0.7709941666666666,0.87490025,complete,,
writeEpiRS,EPI-RS,5120,matlab,Pulseq MATLAB,5,991.9609166666667,0.9919609166666666,0.7876786666666666,0.7709941666666666,0.87490025,complete,,
writeEpiRS,EPI-RS,5120,pypulseq,PyPulseq,1,207.93804060667753,0.20793804060667753,0.20793804060667753,0.20601137494668365,0.23523199977353215,complete,,
writeEpiRS,EPI-RS,5120,pypulseq,PyPulseq,2,235.8819581568241,0.2358819581568241,0.20793804060667753,0.20601137494668365,0.23523199977353215,complete,,
writeEpiRS,EPI-RS,5120,pypulseq,PyPulseq,3,205.6524995714426,0.2056524995714426,0.20793804060667753,0.20601137494668365,0.23523199977353215,complete,,
writeEpiRS,EPI-RS,5120,pypulseq,PyPulseq,4,235.23199977353215,0.23523199977353215,0.20793804060667753,0.20601137494668365,0.23523199977353215,complete,,
writeEpiRS,EPI-RS,5120,pypulseq,PyPulseq,5,206.01137494668365,0.20601137494668365,0.20793804060667753,0.20601137494668365,0.23523199977353215,complete,,
writeEpiRS_label,writeEpiRS_label,76032,seqeyes,SeqEyes-Plus,1,218.50000047683716,0.21850000047683715,0.20140000057220458,0.2005,0.20559999990463257,complete,,
writeEpiRS_label,writeEpiRS_label,76032,seqeyes,SeqEyes-Plus,2,188.5,0.1885,0.20140000057220458,0.2005,0.20559999990463257,complete,,
writeEpiRS_label,writeEpiRS_label,76032,seqeyes,SeqEyes-Plus,3,201.4000005722046,0.20140000057220458,0.20140000057220458,0.2005,0.20559999990463257,complete,,
writeEpiRS_label,writeEpiRS_label,76032,seqeyes,SeqEyes-Plus,4,200.5,0.2005,0.20140000057220458,0.2005,0.20559999990463257,complete,,
writeEpiRS_label,writeEpiRS_label,76032,seqeyes,SeqEyes-Plus,5,205.59999990463257,0.20559999990463257,0.20140000057220458,0.2005,0.20559999990463257,complete,,
writeEpiRS_label,writeEpiRS_label,76032,matlab,Pulseq MATLAB,1,1778.1465,1.7781465,1.6697111666666666,1.4754231666666666,1.7577519583333334,complete,,
writeEpiRS_label,writeEpiRS_label,76032,matlab,Pulseq MATLAB,2,1757.7519583333335,1.7577519583333334,1.6697111666666666,1.4754231666666666,1.7577519583333334,complete,,
writeEpiRS_label,writeEpiRS_label,76032,matlab,Pulseq MATLAB,3,1669.7111666666667,1.6697111666666666,1.6697111666666666,1.4754231666666666,1.7577519583333334,complete,,
writeEpiRS_label,writeEpiRS_label,76032,matlab,Pulseq MATLAB,4,1475.4231666666667,1.4754231666666666,1.6697111666666666,1.4754231666666666,1.7577519583333334,complete,,
writeEpiRS_label,writeEpiRS_label,76032,matlab,Pulseq MATLAB,5,1470.90775,1.47090775,1.6697111666666666,1.4754231666666666,1.7577519583333334,complete,,
writeEpiRS_label,writeEpiRS_label,76032,pypulseq,PyPulseq,1,829.5479589141905,0.8295479589141905,0.8295479589141905,0.8198592499829829,0.8376437919214368,complete,,
writeEpiRS_label,writeEpiRS_label,76032,pypulseq,PyPulseq,2,819.8592499829829,0.8198592499829829,0.8295479589141905,0.8198592499829829,0.8376437919214368,complete,,
writeEpiRS_label,writeEpiRS_label,76032,pypulseq,PyPulseq,3,837.6437919214368,0.8376437919214368,0.8295479589141905,0.8198592499829829,0.8376437919214368,complete,,
writeEpiRS_label,writeEpiRS_label,76032,pypulseq,PyPulseq,4,818.3318343944848,0.8183318343944848,0.8295479589141905,0.8198592499829829,0.8376437919214368,complete,,
writeEpiRS_label,writeEpiRS_label,76032,pypulseq,PyPulseq,5,841.1462907679379,0.8411462907679379,0.8295479589141905,0.8198592499829829,0.8376437919214368,complete,,
writeEpiRS_label_softdelay,writeEpiRS_label_softdelay,76032,seqeyes,SeqEyes-Plus,1,195.2000002861023,0.1952000002861023,0.20109999990463256,0.1952000002861023,0.20360000038146972,complete,,
writeEpiRS_label_softdelay,writeEpiRS_label_softdelay,76032,seqeyes,SeqEyes-Plus,2,203.60000038146973,0.20360000038146972,0.20109999990463256,0.1952000002861023,0.20360000038146972,complete,,
writeEpiRS_label_softdelay,writeEpiRS_label_softdelay,76032,seqeyes,SeqEyes-Plus,3,207.09999990463257,0.20709999990463257,0.20109999990463256,0.1952000002861023,0.20360000038146972,complete,,
writeEpiRS_label_softdelay,writeEpiRS_label_softdelay,76032,seqeyes,SeqEyes-Plus,4,191.5999994277954,0.1915999994277954,0.20109999990463256,0.1952000002861023,0.20360000038146972,complete,,
writeEpiRS_label_softdelay,writeEpiRS_label_softdelay,76032,seqeyes,SeqEyes-Plus,5,201.09999990463257,0.20109999990463256,0.20109999990463256,0.1952000002861023,0.20360000038146972,complete,,
writeEpiRS_label_softdelay,writeEpiRS_label_softdelay,76032,matlab,Pulseq MATLAB,1,1617.4876250000002,1.6174876250000003,1.5326149583333333,1.4197812916666666,1.5364792083333334,complete,,
writeEpiRS_label_softdelay,writeEpiRS_label_softdelay,76032,matlab,Pulseq MATLAB,2,1536.4792083333334,1.5364792083333334,1.5326149583333333,1.4197812916666666,1.5364792083333334,complete,,
writeEpiRS_label_softdelay,writeEpiRS_label_softdelay,76032,matlab,Pulseq MATLAB,3,1532.6149583333333,1.5326149583333333,1.5326149583333333,1.4197812916666666,1.5364792083333334,complete,,
writeEpiRS_label_softdelay,writeEpiRS_label_softdelay,76032,matlab,Pulseq MATLAB,4,1413.726125,1.413726125,1.5326149583333333,1.4197812916666666,1.5364792083333334,complete,,
writeEpiRS_label_softdelay,writeEpiRS_label_softdelay,76032,matlab,Pulseq MATLAB,5,1419.7812916666664,1.4197812916666666,1.5326149583333333,1.4197812916666666,1.5364792083333334,complete,,
writeEpiRS_label_softdelay,writeEpiRS_label_softdelay,76032,pypulseq,PyPulseq,1,855.8089998550713,0.8558089998550713,0.865177707746625,0.8590477919206023,0.8769195424392819,complete,,
writeEpiRS_label_softdelay,writeEpiRS_label_softdelay,76032,pypulseq,PyPulseq,2,888.8932918198407,0.8888932918198407,0.865177707746625,0.8590477919206023,0.8769195424392819,complete,,
writeEpiRS_label_softdelay,writeEpiRS_label_softdelay,76032,pypulseq,PyPulseq,3,859.0477919206023,0.8590477919206023,0.865177707746625,0.8590477919206023,0.8769195424392819,complete,,
writeEpiRS_label_softdelay,writeEpiRS_label_softdelay,76032,pypulseq,PyPulseq,4,876.9195424392819,0.8769195424392819,0.865177707746625,0.8590477919206023,0.8769195424392819,complete,,
writeEpiRS_label_softdelay,writeEpiRS_label_softdelay,76032,pypulseq,PyPulseq,5,865.177707746625,0.865177707746625,0.865177707746625,0.8590477919206023,0.8769195424392819,complete,,
writeEpiRS_label_trans,writeEpiRS_label_trans,912384,seqeyes,SeqEyes-Plus,1,702.7999997138977,0.7027999997138977,0.6713000001907349,0.6498999996185303,0.7027999997138977,complete,,
writeEpiRS_label_trans,writeEpiRS_label_trans,912384,seqeyes,SeqEyes-Plus,2,649,0.649,0.6713000001907349,0.6498999996185303,0.7027999997138977,complete,,
writeEpiRS_label_trans,writeEpiRS_label_trans,912384,seqeyes,SeqEyes-Plus,3,724.9000000953674,0.7249000000953675,0.6713000001907349,0.6498999996185303,0.7027999997138977,complete,,
writeEpiRS_label_trans,writeEpiRS_label_trans,912384,seqeyes,SeqEyes-Plus,4,649.8999996185303,0.6498999996185303,0.6713000001907349,0.6498999996185303,0.7027999997138977,complete,,
writeEpiRS_label_trans,writeEpiRS_label_trans,912384,seqeyes,SeqEyes-Plus,5,671.3000001907349,0.6713000001907349,0.6713000001907349,0.6498999996185303,0.7027999997138977,complete,,
writeEpiRS_label_trans,writeEpiRS_label_trans,912384,matlab,Pulseq MATLAB,1,12239.574458333333,12.239574458333333,12.54196125,12.438229083333333,12.556386125,complete,,
writeEpiRS_label_trans,writeEpiRS_label_trans,912384,matlab,Pulseq MATLAB,2,12438.229083333334,12.438229083333333,12.54196125,12.438229083333333,12.556386125,complete,,
writeEpiRS_label_trans,writeEpiRS_label_trans,912384,matlab,Pulseq MATLAB,3,12556.386124999999,12.556386125,12.54196125,12.438229083333333,12.556386125,complete,,
writeEpiRS_label_trans,writeEpiRS_label_trans,912384,matlab,Pulseq MATLAB,4,16666.830291666665,16.666830291666667,12.54196125,12.438229083333333,12.556386125,complete,,
writeEpiRS_label_trans,writeEpiRS_label_trans,912384,matlab,Pulseq MATLAB,5,12541.96125,12.54196125,12.54196125,12.438229083333333,12.556386125,complete,,
writeEpiRS_label_trans,writeEpiRS_label_trans,912384,pypulseq,PyPulseq,1,8791.918207891285,8.791918207891285,9.260969249997288,9.144462333060801,9.29878183407709,complete,,
writeEpiRS_label_trans,writeEpiRS_label_trans,912384,pypulseq,PyPulseq,2,9556.666624732316,9.556666624732316,9.260969249997288,9.144462333060801,9.29878183407709,complete,,
writeEpiRS_label_trans,writeEpiRS_label_trans,912384,pypulseq,PyPulseq,3,9144.462333060801,9.144462333060801,9.260969249997288,9.144462333060801,9.29878183407709,complete,,
writeEpiRS_label_trans,writeEpiRS_label_trans,912384,pypulseq,PyPulseq,4,9260.969249997288,9.260969249997288,9.260969249997288,9.144462333060801,9.29878183407709,complete,,
writeEpiRS_label_trans,writeEpiRS_label_trans,912384,pypulseq,PyPulseq,5,9298.78183407709,9.29878183407709,9.260969249997288,9.144462333060801,9.29878183407709,complete,,
writeEpiSpinEcho,EPI spin echo,4096,seqeyes,SeqEyes-Plus,1,113.39999961853027,0.11339999961853027,0.11339999961853027,0.11240000009536744,0.11430000019073486,complete,,
writeEpiSpinEcho,EPI spin echo,4096,seqeyes,SeqEyes-Plus,2,130.40000009536743,0.13040000009536742,0.11339999961853027,0.11240000009536744,0.11430000019073486,complete,,
writeEpiSpinEcho,EPI spin echo,4096,seqeyes,SeqEyes-Plus,3,99.80000019073486,0.09980000019073486,0.11339999961853027,0.11240000009536744,0.11430000019073486,complete,,
writeEpiSpinEcho,EPI spin echo,4096,seqeyes,SeqEyes-Plus,4,114.30000019073486,0.11430000019073486,0.11339999961853027,0.11240000009536744,0.11430000019073486,complete,,
writeEpiSpinEcho,EPI spin echo,4096,seqeyes,SeqEyes-Plus,5,112.40000009536743,0.11240000009536744,0.11339999961853027,0.11240000009536744,0.11430000019073486,complete,,
writeEpiSpinEcho,EPI spin echo,4096,matlab,Pulseq MATLAB,1,607.0612916666666,0.6070612916666667,0.5029866666666667,0.4904987083333333,0.5133699166666666,complete,,
writeEpiSpinEcho,EPI spin echo,4096,matlab,Pulseq MATLAB,2,513.3699166666667,0.5133699166666666,0.5029866666666667,0.4904987083333333,0.5133699166666666,complete,,
writeEpiSpinEcho,EPI spin echo,4096,matlab,Pulseq MATLAB,3,502.9866666666667,0.5029866666666667,0.5029866666666667,0.4904987083333333,0.5133699166666666,complete,,
writeEpiSpinEcho,EPI spin echo,4096,matlab,Pulseq MATLAB,4,490.4987083333333,0.4904987083333333,0.5029866666666667,0.4904987083333333,0.5133699166666666,complete,,
writeEpiSpinEcho,EPI spin echo,4096,matlab,Pulseq MATLAB,5,472.58316666666667,0.47258316666666667,0.5029866666666667,0.4904987083333333,0.5133699166666666,complete,,
writeEpiSpinEcho,EPI spin echo,4096,pypulseq,PyPulseq,1,230.27004208415747,0.23027004208415747,0.2243844592012465,0.19514908315613866,0.2244225419126451,complete,,
writeEpiSpinEcho,EPI spin echo,4096,pypulseq,PyPulseq,2,224.4225419126451,0.2244225419126451,0.2243844592012465,0.19514908315613866,0.2244225419126451,complete,,
writeEpiSpinEcho,EPI spin echo,4096,pypulseq,PyPulseq,3,224.3844592012465,0.2243844592012465,0.2243844592012465,0.19514908315613866,0.2244225419126451,complete,,
writeEpiSpinEcho,EPI spin echo,4096,pypulseq,PyPulseq,4,190.3606252744794,0.1903606252744794,0.2243844592012465,0.19514908315613866,0.2244225419126451,complete,,
writeEpiSpinEcho,EPI spin echo,4096,pypulseq,PyPulseq,5,195.14908315613866,0.19514908315613866,0.2243844592012465,0.19514908315613866,0.2244225419126451,complete,,
writeEpiSpinEchoRS,EPI spin echo RS,13440,seqeyes,SeqEyes-Plus,1,144.0,0.144,0.14300000047683717,0.1425,0.144,complete,,
writeEpiSpinEchoRS,EPI spin echo RS,13440,seqeyes,SeqEyes-Plus,2,128.09999990463257,0.12809999990463256,0.14300000047683717,0.1425,0.144,complete,,
writeEpiSpinEchoRS,EPI spin echo RS,13440,seqeyes,SeqEyes-Plus,3,142.5,0.1425,0.14300000047683717,0.1425,0.144,complete,,
writeEpiSpinEchoRS,EPI spin echo RS,13440,seqeyes,SeqEyes-Plus,4,143.00000047683716,0.14300000047683717,0.14300000047683717,0.1425,0.144,complete,,
writeEpiSpinEchoRS,EPI spin echo RS,13440,seqeyes,SeqEyes-Plus,5,181.40000009536743,0.18140000009536744,0.14300000047683717,0.1425,0.144,complete,,
writeEpiSpinEchoRS,EPI spin echo RS,13440,matlab,Pulseq MATLAB,1,780.52025,0.78052025,0.78052025,0.7237055833333333,0.7922324583333333,complete,,
writeEpiSpinEchoRS,EPI spin echo RS,13440,matlab,Pulseq MATLAB,2,792.2324583333333,0.7922324583333333,0.78052025,0.7237055833333333,0.7922324583333333,complete,,
writeEpiSpinEchoRS,EPI spin echo RS,13440,matlab,Pulseq MATLAB,3,809.436625,0.809436625,0.78052025,0.7237055833333333,0.7922324583333333,complete,,
writeEpiSpinEchoRS,EPI spin echo RS,13440,matlab,Pulseq MATLAB,4,723.7055833333334,0.7237055833333333,0.78052025,0.7237055833333333,0.7922324583333333,complete,,
writeEpiSpinEchoRS,EPI spin echo RS,13440,matlab,Pulseq MATLAB,5,720.18925,0.72018925,0.78052025,0.7237055833333333,0.7922324583333333,complete,,
writeEpiSpinEchoRS,EPI spin echo RS,13440,pypulseq,PyPulseq,1,357.6635420322418,0.3576635420322418,0.35553979128599167,0.3543760827742517,0.3576635420322418,complete,,
writeEpiSpinEchoRS,EPI spin echo RS,13440,pypulseq,PyPulseq,2,354.3760827742517,0.3543760827742517,0.35553979128599167,0.3543760827742517,0.3576635420322418,complete,,
writeEpiSpinEchoRS,EPI spin echo RS,13440,pypulseq,PyPulseq,3,364.4085843116045,0.3644085843116045,0.35553979128599167,0.3543760827742517,0.3576635420322418,complete,,
writeEpiSpinEchoRS,EPI spin echo RS,13440,pypulseq,PyPulseq,4,355.53979128599167,0.35553979128599167,0.35553979128599167,0.3543760827742517,0.3576635420322418,complete,,
writeEpiSpinEchoRS,EPI spin echo RS,13440,pypulseq,PyPulseq,5,322.86550011485815,0.32286550011485815,0.35553979128599167,0.3543760827742517,0.3576635420322418,complete,,
writeEpi_label,writeEpi_label,266112,seqeyes,SeqEyes-Plus,1,357.59999990463257,0.3575999999046326,0.3522999997138977,0.33969999980926513,0.3575999999046326,complete,,
writeEpi_label,writeEpi_label,266112,seqeyes,SeqEyes-Plus,2,369.59999990463257,0.36959999990463255,0.3522999997138977,0.33969999980926513,0.3575999999046326,complete,,
writeEpi_label,writeEpi_label,266112,seqeyes,SeqEyes-Plus,3,352.2999997138977,0.3522999997138977,0.3522999997138977,0.33969999980926513,0.3575999999046326,complete,,
writeEpi_label,writeEpi_label,266112,seqeyes,SeqEyes-Plus,4,339.69999980926514,0.33969999980926513,0.3522999997138977,0.33969999980926513,0.3575999999046326,complete,,
writeEpi_label,writeEpi_label,266112,seqeyes,SeqEyes-Plus,5,338.19999980926514,0.33819999980926513,0.3522999997138977,0.33969999980926513,0.3575999999046326,complete,,
writeEpi_label,writeEpi_label,266112,matlab,Pulseq MATLAB,1,7325.8452916666665,7.325845291666666,6.912051,6.823344708333333,7.064175458333333,complete,,
writeEpi_label,writeEpi_label,266112,matlab,Pulseq MATLAB,2,6805.518166666667,6.805518166666666,6.912051,6.823344708333333,7.064175458333333,complete,,
writeEpi_label,writeEpi_label,266112,matlab,Pulseq MATLAB,3,6823.344708333333,6.823344708333333,6.912051,6.823344708333333,7.064175458333333,complete,,
writeEpi_label,writeEpi_label,266112,matlab,Pulseq MATLAB,4,7064.175458333333,7.064175458333333,6.912051,6.823344708333333,7.064175458333333,complete,,
writeEpi_label,writeEpi_label,266112,matlab,Pulseq MATLAB,5,6912.051,6.912051,6.912051,6.823344708333333,7.064175458333333,complete,,
writeEpi_label,writeEpi_label,266112,pypulseq,PyPulseq,1,4195.629416964948,4.195629416964948,4.004726917017251,3.955342917237431,4.006620875094086,complete,,
writeEpi_label,writeEpi_label,266112,pypulseq,PyPulseq,2,4006.620875094086,4.006620875094086,4.004726917017251,3.955342917237431,4.006620875094086,complete,,
writeEpi_label,writeEpi_label,266112,pypulseq,PyPulseq,3,4004.7269170172513,4.004726917017251,4.004726917017251,3.955342917237431,4.006620875094086,complete,,
writeEpi_label,writeEpi_label,266112,pypulseq,PyPulseq,4,3947.130249813199,3.947130249813199,4.004726917017251,3.955342917237431,4.006620875094086,complete,,
writeEpi_label,writeEpi_label,266112,pypulseq,PyPulseq,5,3955.342917237431,3.955342917237431,4.004726917017251,3.955342917237431,4.006620875094086,complete,,
writeFastRadialGradientEcho,writeFastRadialGradientEcho,122880,seqeyes,SeqEyes-Plus,1,213.40000009536743,0.21340000009536744,0.2027999997138977,0.18450000047683715,0.20940000009536744,complete,,
writeFastRadialGradientEcho,writeFastRadialGradientEcho,122880,seqeyes,SeqEyes-Plus,2,209.40000009536743,0.20940000009536744,0.2027999997138977,0.18450000047683715,0.20940000009536744,complete,,
writeFastRadialGradientEcho,writeFastRadialGradientEcho,122880,seqeyes,SeqEyes-Plus,3,183.0,0.183,0.2027999997138977,0.18450000047683715,0.20940000009536744,complete,,
writeFastRadialGradientEcho,writeFastRadialGradientEcho,122880,seqeyes,SeqEyes-Plus,4,202.7999997138977,0.2027999997138977,0.2027999997138977,0.18450000047683715,0.20940000009536744,complete,,
writeFastRadialGradientEcho,writeFastRadialGradientEcho,122880,seqeyes,SeqEyes-Plus,5,184.50000047683716,0.18450000047683715,0.2027999997138977,0.18450000047683715,0.20940000009536744,complete,,
writeFastRadialGradientEcho,writeFastRadialGradientEcho,122880,matlab,Pulseq MATLAB,1,2351.8177916666664,2.3518177916666665,1.8707838333333333,1.8529505416666667,1.8899872083333333,complete,,
writeFastRadialGradientEcho,writeFastRadialGradientEcho,122880,matlab,Pulseq MATLAB,2,1889.9872083333332,1.8899872083333333,1.8707838333333333,1.8529505416666667,1.8899872083333333,complete,,
writeFastRadialGradientEcho,writeFastRadialGradientEcho,122880,matlab,Pulseq MATLAB,3,1870.7838333333334,1.8707838333333333,1.8707838333333333,1.8529505416666667,1.8899872083333333,complete,,
writeFastRadialGradientEcho,writeFastRadialGradientEcho,122880,matlab,Pulseq MATLAB,4,1852.9505416666668,1.8529505416666667,1.8707838333333333,1.8529505416666667,1.8899872083333333,complete,,
writeFastRadialGradientEcho,writeFastRadialGradientEcho,122880,matlab,Pulseq MATLAB,5,1839.3736666666666,1.8393736666666667,1.8707838333333333,1.8529505416666667,1.8899872083333333,complete,,
writeFastRadialGradientEcho,writeFastRadialGradientEcho,122880,pypulseq,PyPulseq,1,1501.4914995990694,1.5014914995990694,1.388846458401531,1.343354457989335,1.4296396248973906,complete,,
writeFastRadialGradientEcho,writeFastRadialGradientEcho,122880,pypulseq,PyPulseq,2,1388.846458401531,1.388846458401531,1.388846458401531,1.343354457989335,1.4296396248973906,complete,,
writeFastRadialGradientEcho,writeFastRadialGradientEcho,122880,pypulseq,PyPulseq,3,1343.354457989335,1.343354457989335,1.388846458401531,1.343354457989335,1.4296396248973906,complete,,
writeFastRadialGradientEcho,writeFastRadialGradientEcho,122880,pypulseq,PyPulseq,4,1337.4275830574334,1.3374275830574334,1.388846458401531,1.343354457989335,1.4296396248973906,complete,,
writeFastRadialGradientEcho,writeFastRadialGradientEcho,122880,pypulseq,PyPulseq,5,1429.6396248973906,1.4296396248973906,1.388846458401531,1.343354457989335,1.4296396248973906,complete,,
writeFastRadialGradientEcho_rot3D,3D radial GRE,122880,seqeyes,SeqEyes-Plus,1,207.2000002861023,0.2072000002861023,0.21460000038146973,0.2072000002861023,0.21770000028610229,complete,,
writeFastRadialGradientEcho_rot3D,3D radial GRE,122880,seqeyes,SeqEyes-Plus,2,206.99999952316284,0.20699999952316284,0.21460000038146973,0.2072000002861023,0.21770000028610229,complete,,
writeFastRadialGradientEcho_rot3D,3D radial GRE,122880,seqeyes,SeqEyes-Plus,3,217.7000002861023,0.21770000028610229,0.21460000038146973,0.2072000002861023,0.21770000028610229,complete,,
writeFastRadialGradientEcho_rot3D,3D radial GRE,122880,seqeyes,SeqEyes-Plus,4,214.60000038146973,0.21460000038146973,0.21460000038146973,0.2072000002861023,0.21770000028610229,complete,,
writeFastRadialGradientEcho_rot3D,3D radial GRE,122880,seqeyes,SeqEyes-Plus,5,233.5,0.2335,0.21460000038146973,0.2072000002861023,0.21770000028610229,complete,,
writeFastRadialGradientEcho_rot3D,3D radial GRE,122880,matlab,Pulseq MATLAB,1,2355.6445416666666,2.3556445416666665,2.135361,2.1188087916666665,2.1452965416666667,complete,,
writeFastRadialGradientEcho_rot3D,3D radial GRE,122880,matlab,Pulseq MATLAB,2,2118.8087916666664,2.1188087916666665,2.135361,2.1188087916666665,2.1452965416666667,complete,,
writeFastRadialGradientEcho_rot3D,3D radial GRE,122880,matlab,Pulseq MATLAB,3,2145.2965416666666,2.1452965416666667,2.135361,2.1188087916666665,2.1452965416666667,complete,,
writeFastRadialGradientEcho_rot3D,3D radial GRE,122880,matlab,Pulseq MATLAB,4,2135.361,2.135361,2.135361,2.1188087916666665,2.1452965416666667,complete,,
writeFastRadialGradientEcho_rot3D,3D radial GRE,122880,matlab,Pulseq MATLAB,5,2087.2327083333334,2.0872327083333335,2.135361,2.1188087916666665,2.1452965416666667,complete,,
writeFastRadialGradientEcho_rot3D,3D radial GRE,122880,pypulseq,PyPulseq,1,1495.4088339582086,1.4954088339582086,1.4415190410800278,1.4185681669041514,1.4464641246013343,complete,,
writeFastRadialGradientEcho_rot3D,3D radial GRE,122880,pypulseq,PyPulseq,2,1446.4641246013343,1.4464641246013343,1.4415190410800278,1.4185681669041514,1.4464641246013343,complete,,
writeFastRadialGradientEcho_rot3D,3D radial GRE,122880,pypulseq,PyPulseq,3,1418.5681669041514,1.4185681669041514,1.4415190410800278,1.4185681669041514,1.4464641246013343,complete,,
writeFastRadialGradientEcho_rot3D,3D radial GRE,122880,pypulseq,PyPulseq,4,1441.5190410800278,1.4415190410800278,1.4415190410800278,1.4185681669041514,1.4464641246013343,complete,,
writeFastRadialGradientEcho_rot3D,3D radial GRE,122880,pypulseq,PyPulseq,5,1413.0346248857677,1.4130346248857677,1.4415190410800278,1.4185681669041514,1.4464641246013343,complete,,
writeFastRadialGradientEcho_rotExt,writeFastRadialGradientEcho_rotExt,122880,seqeyes,SeqEyes-Plus,1,200.80000019073486,0.20080000019073485,0.20209999990463257,0.20169999980926515,0.21540000009536744,complete,,
writeFastRadialGradientEcho_rotExt,writeFastRadialGradientEcho_rotExt,122880,seqeyes,SeqEyes-Plus,2,217.5,0.2175,0.20209999990463257,0.20169999980926515,0.21540000009536744,complete,,
writeFastRadialGradientEcho_rotExt,writeFastRadialGradientEcho_rotExt,122880,seqeyes,SeqEyes-Plus,3,201.69999980926514,0.20169999980926515,0.20209999990463257,0.20169999980926515,0.21540000009536744,complete,,
writeFastRadialGradientEcho_rotExt,writeFastRadialGradientEcho_rotExt,122880,seqeyes,SeqEyes-Plus,4,202.09999990463257,0.20209999990463257,0.20209999990463257,0.20169999980926515,0.21540000009536744,complete,,
writeFastRadialGradientEcho_rotExt,writeFastRadialGradientEcho_rotExt,122880,seqeyes,SeqEyes-Plus,5,215.40000009536743,0.21540000009536744,0.20209999990463257,0.20169999980926515,0.21540000009536744,complete,,
writeFastRadialGradientEcho_rotExt,writeFastRadialGradientEcho_rotExt,122880,matlab,Pulseq MATLAB,1,2139.179125,2.139179125,1.9268845,1.926564,1.9621012083333333,complete,,
writeFastRadialGradientEcho_rotExt,writeFastRadialGradientEcho_rotExt,122880,matlab,Pulseq MATLAB,2,1962.1012083333333,1.9621012083333333,1.9268845,1.926564,1.9621012083333333,complete,,
writeFastRadialGradientEcho_rotExt,writeFastRadialGradientEcho_rotExt,122880,matlab,Pulseq MATLAB,3,1926.5639999999999,1.926564,1.9268845,1.926564,1.9621012083333333,complete,,
writeFastRadialGradientEcho_rotExt,writeFastRadialGradientEcho_rotExt,122880,matlab,Pulseq MATLAB,4,1916.0900000000001,1.91609,1.9268845,1.926564,1.9621012083333333,complete,,
writeFastRadialGradientEcho_rotExt,writeFastRadialGradientEcho_rotExt,122880,matlab,Pulseq MATLAB,5,1926.8845,1.9268845,1.9268845,1.926564,1.9621012083333333,complete,,
writeFastRadialGradientEcho_rotExt,writeFastRadialGradientEcho_rotExt,122880,pypulseq,PyPulseq,1,,,,,,failed,ValueError,Unknown section code: extension ROTATIONS 1
writeFastRadialGradientEcho_rotExt,writeFastRadialGradientEcho_rotExt,122880,pypulseq,PyPulseq,2,,,,,,failed,ValueError,Unknown section code: extension ROTATIONS 1
writeFastRadialGradientEcho_rotExt,writeFastRadialGradientEcho_rotExt,122880,pypulseq,PyPulseq,3,,,,,,failed,ValueError,Unknown section code: extension ROTATIONS 1
writeFastRadialGradientEcho_rotExt,writeFastRadialGradientEcho_rotExt,122880,pypulseq,PyPulseq,4,,,,,,failed,ValueError,Unknown section code: extension ROTATIONS 1
writeFastRadialGradientEcho_rotExt,writeFastRadialGradientEcho_rotExt,122880,pypulseq,PyPulseq,5,,,,,,failed,ValueError,Unknown section code: extension ROTATIONS 1
writeFid,writeFid,65536,seqeyes,SeqEyes-Plus,1,738.2000002861023,0.7382000002861023,0.6480999999046325,0.6421999998092651,0.6676000003814697,complete,,
writeFid,writeFid,65536,seqeyes,SeqEyes-Plus,2,648.0999999046326,0.6480999999046325,0.6480999999046325,0.6421999998092651,0.6676000003814697,complete,,
writeFid,writeFid,65536,seqeyes,SeqEyes-Plus,3,642.1999998092651,0.6421999998092651,0.6480999999046325,0.6421999998092651,0.6676000003814697,complete,,
writeFid,writeFid,65536,seqeyes,SeqEyes-Plus,4,641.5,0.6415,0.6480999999046325,0.6421999998092651,0.6676000003814697,complete,,
writeFid,writeFid,65536,seqeyes,SeqEyes-Plus,5,667.6000003814697,0.6676000003814697,0.6480999999046325,0.6421999998092651,0.6676000003814697,complete,,
writeFid,writeFid,65536,matlab,Pulseq MATLAB,1,558.3095833333333,0.5583095833333334,0.43184104166666665,0.4294364583333333,0.43554766666666667,complete,,
writeFid,writeFid,65536,matlab,Pulseq MATLAB,2,429.43645833333335,0.4294364583333333,0.43184104166666665,0.4294364583333333,0.43554766666666667,complete,,
writeFid,writeFid,65536,matlab,Pulseq MATLAB,3,428.15616666666665,0.42815616666666667,0.43184104166666665,0.4294364583333333,0.43554766666666667,complete,,
writeFid,writeFid,65536,matlab,Pulseq MATLAB,4,435.54766666666666,0.43554766666666667,0.43184104166666665,0.4294364583333333,0.43554766666666667,complete,,
writeFid,writeFid,65536,matlab,Pulseq MATLAB,5,431.8410416666666,0.43184104166666665,0.43184104166666665,0.4294364583333333,0.43554766666666667,complete,,
writeFid,writeFid,65536,pypulseq,PyPulseq,1,503.3572092652321,0.5033572092652321,0.47275583259761333,0.4678474576212466,0.5033572092652321,complete,,
writeFid,writeFid,65536,pypulseq,PyPulseq,2,467.8474576212466,0.4678474576212466,0.47275583259761333,0.4678474576212466,0.5033572092652321,complete,,
writeFid,writeFid,65536,pypulseq,PyPulseq,3,549.2877499200404,0.5492877499200404,0.47275583259761333,0.4678474576212466,0.5033572092652321,complete,,
writeFid,writeFid,65536,pypulseq,PyPulseq,4,472.75583259761333,0.47275583259761333,0.47275583259761333,0.4678474576212466,0.5033572092652321,complete,,
writeFid,writeFid,65536,pypulseq,PyPulseq,5,455.32337483018637,0.45532337483018637,0.47275583259761333,0.4678474576212466,0.5033572092652321,complete,,
writeGRE_live_demo,writeGRE_live_demo,16384,seqeyes,SeqEyes-Plus,1,167.90000009536743,0.16790000009536743,0.16559999990463256,0.1655999994277954,0.16790000009536743,complete,,
writeGRE_live_demo,writeGRE_live_demo,16384,seqeyes,SeqEyes-Plus,2,165.5999994277954,0.1655999994277954,0.16559999990463256,0.1655999994277954,0.16790000009536743,complete,,
writeGRE_live_demo,writeGRE_live_demo,16384,seqeyes,SeqEyes-Plus,3,165.59999990463257,0.16559999990463256,0.16559999990463256,0.1655999994277954,0.16790000009536743,complete,,
writeGRE_live_demo,writeGRE_live_demo,16384,seqeyes,SeqEyes-Plus,4,149.79999923706055,0.14979999923706055,0.16559999990463256,0.1655999994277954,0.16790000009536743,complete,,
writeGRE_live_demo,writeGRE_live_demo,16384,seqeyes,SeqEyes-Plus,5,179.39999961853027,0.1793999996185303,0.16559999990463256,0.1655999994277954,0.16790000009536743,complete,,
writeGRE_live_demo,writeGRE_live_demo,16384,matlab,Pulseq MATLAB,1,1030.5024166666667,1.0305024166666668,1.0392418333333333,1.0320152916666667,1.046070625,complete,,
writeGRE_live_demo,writeGRE_live_demo,16384,matlab,Pulseq MATLAB,2,1046.4313750000001,1.046431375,1.0392418333333333,1.0320152916666667,1.046070625,complete,,
writeGRE_live_demo,writeGRE_live_demo,16384,matlab,Pulseq MATLAB,3,1032.0152916666668,1.0320152916666667,1.0392418333333333,1.0320152916666667,1.046070625,complete,,
writeGRE_live_demo,writeGRE_live_demo,16384,matlab,Pulseq MATLAB,4,1039.2418333333333,1.0392418333333333,1.0392418333333333,1.0320152916666667,1.046070625,complete,,
writeGRE_live_demo,writeGRE_live_demo,16384,matlab,Pulseq MATLAB,5,1046.070625,1.046070625,1.0392418333333333,1.0320152916666667,1.046070625,complete,,
writeGRE_live_demo,writeGRE_live_demo,16384,pypulseq,PyPulseq,1,546.1450833827257,0.5461450833827257,0.520675000268966,0.519065999891609,0.5273921247571707,complete,,
writeGRE_live_demo,writeGRE_live_demo,16384,pypulseq,PyPulseq,2,527.3921247571707,0.5273921247571707,0.520675000268966,0.519065999891609,0.5273921247571707,complete,,
writeGRE_live_demo,writeGRE_live_demo,16384,pypulseq,PyPulseq,3,520.675000268966,0.520675000268966,0.520675000268966,0.519065999891609,0.5273921247571707,complete,,
writeGRE_live_demo,writeGRE_live_demo,16384,pypulseq,PyPulseq,4,519.065999891609,0.519065999891609,0.520675000268966,0.519065999891609,0.5273921247571707,complete,,
writeGRE_live_demo,writeGRE_live_demo,16384,pypulseq,PyPulseq,5,518.1633327156305,0.5181633327156305,0.520675000268966,0.519065999891609,0.5273921247571707,complete,,
writeGRE_live_demo_step0,writeGRE_live_demo_step0,16384,seqeyes,SeqEyes-Plus,1,194.19999980926514,0.19419999980926514,0.17940000009536744,0.1665,0.17960000038146973,complete,,
writeGRE_live_demo_step0,writeGRE_live_demo_step0,16384,seqeyes,SeqEyes-Plus,2,166.5,0.1665,0.17940000009536744,0.1665,0.17960000038146973,complete,,
writeGRE_live_demo_step0,writeGRE_live_demo_step0,16384,seqeyes,SeqEyes-Plus,3,150.7999997138977,0.1507999997138977,0.17940000009536744,0.1665,0.17960000038146973,complete,,
writeGRE_live_demo_step0,writeGRE_live_demo_step0,16384,seqeyes,SeqEyes-Plus,4,179.40000009536743,0.17940000009536744,0.17940000009536744,0.1665,0.17960000038146973,complete,,
writeGRE_live_demo_step0,writeGRE_live_demo_step0,16384,seqeyes,SeqEyes-Plus,5,179.60000038146973,0.17960000038146973,0.17940000009536744,0.1665,0.17960000038146973,complete,,
writeGRE_live_demo_step0,writeGRE_live_demo_step0,16384,matlab,Pulseq MATLAB,1,1036.4769583333334,1.0364769583333333,1.0536825833333334,1.0395918333333334,1.2235257083333333,complete,,
writeGRE_live_demo_step0,writeGRE_live_demo_step0,16384,matlab,Pulseq MATLAB,2,1039.5918333333334,1.0395918333333334,1.0536825833333334,1.0395918333333334,1.2235257083333333,complete,,
writeGRE_live_demo_step0,writeGRE_live_demo_step0,16384,matlab,Pulseq MATLAB,3,1053.6825833333335,1.0536825833333334,1.0536825833333334,1.0395918333333334,1.2235257083333333,complete,,
writeGRE_live_demo_step0,writeGRE_live_demo_step0,16384,matlab,Pulseq MATLAB,4,1306.378,1.306378,1.0536825833333334,1.0395918333333334,1.2235257083333333,complete,,
writeGRE_live_demo_step0,writeGRE_live_demo_step0,16384,matlab,Pulseq MATLAB,5,1223.5257083333333,1.2235257083333333,1.0536825833333334,1.0395918333333334,1.2235257083333333,complete,,
writeGRE_live_demo_step0,writeGRE_live_demo_step0,16384,pypulseq,PyPulseq,1,547.5200829096138,0.5475200829096138,0.5258307079784572,0.5214167078956962,0.5421843752264977,complete,,
writeGRE_live_demo_step0,writeGRE_live_demo_step0,16384,pypulseq,PyPulseq,2,525.8307079784572,0.5258307079784572,0.5258307079784572,0.5214167078956962,0.5421843752264977,complete,,
writeGRE_live_demo_step0,writeGRE_live_demo_step0,16384,pypulseq,PyPulseq,3,521.4167078956962,0.5214167078956962,0.5258307079784572,0.5214167078956962,0.5421843752264977,complete,,
writeGRE_live_demo_step0,writeGRE_live_demo_step0,16384,pypulseq,PyPulseq,4,520.2181250788271,0.5202181250788271,0.5258307079784572,0.5214167078956962,0.5421843752264977,complete,,
writeGRE_live_demo_step0,writeGRE_live_demo_step0,16384,pypulseq,PyPulseq,5,542.1843752264977,0.5421843752264977,0.5258307079784572,0.5214167078956962,0.5421843752264977,complete,,
writeGRE_multiEcho_label,writeGRE_multiEcho_label,393216,seqeyes,SeqEyes-Plus,1,771.3000001907349,0.7713000001907349,0.7703000001907349,0.7537999997138977,0.7713000001907349,complete,,
writeGRE_multiEcho_label,writeGRE_multiEcho_label,393216,seqeyes,SeqEyes-Plus,2,770.3000001907349,0.7703000001907349,0.7703000001907349,0.7537999997138977,0.7713000001907349,complete,,
writeGRE_multiEcho_label,writeGRE_multiEcho_label,393216,seqeyes,SeqEyes-Plus,3,747.0000004768372,0.7470000004768371,0.7703000001907349,0.7537999997138977,0.7713000001907349,complete,,
writeGRE_multiEcho_label,writeGRE_multiEcho_label,393216,seqeyes,SeqEyes-Plus,4,753.7999997138977,0.7537999997138977,0.7703000001907349,0.7537999997138977,0.7713000001907349,complete,,
writeGRE_multiEcho_label,writeGRE_multiEcho_label,393216,seqeyes,SeqEyes-Plus,5,812.6999998092651,0.8126999998092651,0.7703000001907349,0.7537999997138977,0.7713000001907349,complete,,
writeGRE_multiEcho_label,writeGRE_multiEcho_label,393216,matlab,Pulseq MATLAB,1,10819.198083333333,10.819198083333333,11.005314458333334,10.963452583333334,11.031861333333334,complete,,
writeGRE_multiEcho_label,writeGRE_multiEcho_label,393216,matlab,Pulseq MATLAB,2,11031.861333333334,11.031861333333334,11.005314458333334,10.963452583333334,11.031861333333334,complete,,
writeGRE_multiEcho_label,writeGRE_multiEcho_label,393216,matlab,Pulseq MATLAB,3,11072.709958333335,11.072709958333334,11.005314458333334,10.963452583333334,11.031861333333334,complete,,
writeGRE_multiEcho_label,writeGRE_multiEcho_label,393216,matlab,Pulseq MATLAB,4,10963.452583333334,10.963452583333334,11.005314458333334,10.963452583333334,11.031861333333334,complete,,
writeGRE_multiEcho_label,writeGRE_multiEcho_label,393216,matlab,Pulseq MATLAB,5,11005.314458333334,11.005314458333334,11.005314458333334,10.963452583333334,11.031861333333334,complete,,
writeGRE_multiEcho_label,writeGRE_multiEcho_label,393216,pypulseq,PyPulseq,1,6526.875958777964,6.526875958777964,7.1311319577507675,7.017646583262831,7.227548167109489,complete,,
writeGRE_multiEcho_label,writeGRE_multiEcho_label,393216,pypulseq,PyPulseq,2,7017.646583262831,7.017646583262831,7.1311319577507675,7.017646583262831,7.227548167109489,complete,,
writeGRE_multiEcho_label,writeGRE_multiEcho_label,393216,pypulseq,PyPulseq,3,7131.1319577507675,7.1311319577507675,7.1311319577507675,7.017646583262831,7.227548167109489,complete,,
writeGRE_multiEcho_label,writeGRE_multiEcho_label,393216,pypulseq,PyPulseq,4,7227.548167109489,7.227548167109489,7.1311319577507675,7.017646583262831,7.227548167109489,complete,,
writeGRE_multiEcho_label,writeGRE_multiEcho_label,393216,pypulseq,PyPulseq,5,7352.2863746620715,7.3522863746620715,7.1311319577507675,7.017646583262831,7.227548167109489,complete,,
writeGRE_rfShim,writeGRE_rfShim,262144,seqeyes,SeqEyes-Plus,1,494.5,0.4945,0.5240999999046325,0.5115,0.5276999998092652,complete,,
writeGRE_rfShim,writeGRE_rfShim,262144,seqeyes,SeqEyes-Plus,2,524.0999999046326,0.5240999999046325,0.5240999999046325,0.5115,0.5276999998092652,complete,,
writeGRE_rfShim,writeGRE_rfShim,262144,seqeyes,SeqEyes-Plus,3,527.6999998092651,0.5276999998092652,0.5240999999046325,0.5115,0.5276999998092652,complete,,
writeGRE_rfShim,writeGRE_rfShim,262144,seqeyes,SeqEyes-Plus,4,534.5999999046326,0.5345999999046326,0.5240999999046325,0.5115,0.5276999998092652,complete,,
writeGRE_rfShim,writeGRE_rfShim,262144,seqeyes,SeqEyes-Plus,5,511.5,0.5115,0.5240999999046325,0.5115,0.5276999998092652,complete,,
writeGRE_rfShim,writeGRE_rfShim,262144,matlab,Pulseq MATLAB,1,7689.59375,7.68959375,7.547389,7.511399083333333,7.661214916666666,complete,,
writeGRE_rfShim,writeGRE_rfShim,262144,matlab,Pulseq MATLAB,2,7661.214916666666,7.661214916666666,7.547389,7.511399083333333,7.661214916666666,complete,,
writeGRE_rfShim,writeGRE_rfShim,262144,matlab,Pulseq MATLAB,3,7511.399083333333,7.511399083333333,7.547389,7.511399083333333,7.661214916666666,complete,,
writeGRE_rfShim,writeGRE_rfShim,262144,matlab,Pulseq MATLAB,4,7547.389,7.547389,7.547389,7.511399083333333,7.661214916666666,complete,,
writeGRE_rfShim,writeGRE_rfShim,262144,matlab,Pulseq MATLAB,5,7499.416499999999,7.4994165,7.547389,7.511399083333333,7.661214916666666,complete,,
writeGRE_rfShim,writeGRE_rfShim,262144,pypulseq,PyPulseq,1,,,,,,failed,ValueError,Unknown section code: extension RF_SHIMS 4
writeGRE_rfShim,writeGRE_rfShim,262144,pypulseq,PyPulseq,2,,,,,,failed,ValueError,Unknown section code: extension RF_SHIMS 4
writeGRE_rfShim,writeGRE_rfShim,262144,pypulseq,PyPulseq,3,,,,,,failed,ValueError,Unknown section code: extension RF_SHIMS 4
writeGRE_rfShim,writeGRE_rfShim,262144,pypulseq,PyPulseq,4,,,,,,failed,ValueError,Unknown section code: extension RF_SHIMS 4
writeGRE_rfShim,writeGRE_rfShim,262144,pypulseq,PyPulseq,5,,,,,,failed,ValueError,Unknown section code: extension RF_SHIMS 4
writeGradientEcho,GRE,16384,seqeyes,SeqEyes-Plus,1,165.49999952316284,0.16549999952316286,0.16310000038146974,0.1512999997138977,0.16549999952316286,complete,,
writeGradientEcho,GRE,16384,seqeyes,SeqEyes-Plus,2,151.2999997138977,0.1512999997138977,0.16310000038146974,0.1512999997138977,0.16549999952316286,complete,,
writeGradientEcho,GRE,16384,seqeyes,SeqEyes-Plus,3,170.90000009536743,0.17090000009536743,0.16310000038146974,0.1512999997138977,0.16549999952316286,complete,,
writeGradientEcho,GRE,16384,seqeyes,SeqEyes-Plus,4,163.10000038146973,0.16310000038146974,0.16310000038146974,0.1512999997138977,0.16549999952316286,complete,,
writeGradientEcho,GRE,16384,seqeyes,SeqEyes-Plus,5,149.30000019073486,0.14930000019073486,0.16310000038146974,0.1512999997138977,0.16549999952316286,complete,,
writeGradientEcho,GRE,16384,matlab,Pulseq MATLAB,1,1184.5802083333335,1.1845802083333334,1.1845802083333334,1.170354125,1.2134399583333333,complete,,
writeGradientEcho,GRE,16384,matlab,Pulseq MATLAB,2,1158.5501250000002,1.158550125,1.1845802083333334,1.170354125,1.2134399583333333,complete,,
writeGradientEcho,GRE,16384,matlab,Pulseq MATLAB,3,1170.354125,1.170354125,1.1845802083333334,1.170354125,1.2134399583333333,complete,,
writeGradientEcho,GRE,16384,matlab,Pulseq MATLAB,4,1213.4399583333334,1.2134399583333333,1.1845802083333334,1.170354125,1.2134399583333333,complete,,
writeGradientEcho,GRE,16384,matlab,Pulseq MATLAB,5,1220.1375416666667,1.2201375416666667,1.1845802083333334,1.170354125,1.2134399583333333,complete,,
writeGradientEcho,GRE,16384,pypulseq,PyPulseq,1,607.9234168864787,0.6079234168864787,0.5940271657891572,0.5911402502097189,0.6079234168864787,complete,,
writeGradientEcho,GRE,16384,pypulseq,PyPulseq,2,585.6353333219886,0.5856353333219886,0.5940271657891572,0.5911402502097189,0.6079234168864787,complete,,
writeGradientEcho,GRE,16384,pypulseq,PyPulseq,3,622.6315828971565,0.6226315828971565,0.5940271657891572,0.5911402502097189,0.6079234168864787,complete,,
writeGradientEcho,GRE,16384,pypulseq,PyPulseq,4,591.1402502097189,0.5911402502097189,0.5940271657891572,0.5911402502097189,0.6079234168864787,complete,,
writeGradientEcho,GRE,16384,pypulseq,PyPulseq,5,594.0271657891572,0.5940271657891572,0.5940271657891572,0.5911402502097189,0.6079234168864787,complete,,
writeGradientEcho3D,3D GRE,262144,seqeyes,SeqEyes-Plus,1,1856.9564999999998,1.8569564999999997,1.6916996672861024,1.6638202910953679,1.7595510418092635,complete,,
writeGradientEcho3D,3D GRE,262144,seqeyes,SeqEyes-Plus,2,1691.6996672861023,1.6916996672861024,1.6916996672861024,1.6638202910953679,1.7595510418092635,complete,,
writeGradientEcho3D,3D GRE,262144,seqeyes,SeqEyes-Plus,3,1663.8202910953678,1.6638202910953679,1.6916996672861024,1.6638202910953679,1.7595510418092635,complete,,
writeGradientEcho3D,3D GRE,262144,seqeyes,SeqEyes-Plus,4,1628.8502080953695,1.6288502080953695,1.6916996672861024,1.6638202910953679,1.7595510418092635,complete,,
writeGradientEcho3D,3D GRE,262144,seqeyes,SeqEyes-Plus,5,1759.5510418092636,1.7595510418092635,1.6916996672861024,1.6638202910953679,1.7595510418092635,complete,,
writeGradientEcho3D,3D GRE,262144,matlab,Pulseq MATLAB,1,24345.244208333334,24.345244208333334,25.812907166666665,25.798870041666667,25.820857666666665,complete,,
writeGradientEcho3D,3D GRE,262144,matlab,Pulseq MATLAB,2,25798.87004166667,25.798870041666667,25.812907166666665,25.798870041666667,25.820857666666665,complete,,
writeGradientEcho3D,3D GRE,262144,matlab,Pulseq MATLAB,3,25812.907166666664,25.812907166666665,25.812907166666665,25.798870041666667,25.820857666666665,complete,,
writeGradientEcho3D,3D GRE,262144,matlab,Pulseq MATLAB,4,26175.077583333332,26.175077583333334,25.812907166666665,25.798870041666667,25.820857666666665,complete,,
writeGradientEcho3D,3D GRE,262144,matlab,Pulseq MATLAB,5,25820.857666666667,25.820857666666665,25.812907166666665,25.798870041666667,25.820857666666665,complete,,
writeGradientEcho3D,3D GRE,262144,pypulseq,PyPulseq,1,10953.614791855216,10.953614791855216,12.040846250019968,11.840315584093332,12.081100834067911,complete,,
writeGradientEcho3D,3D GRE,262144,pypulseq,PyPulseq,2,12040.846250019968,12.040846250019968,12.040846250019968,11.840315584093332,12.081100834067911,complete,,
writeGradientEcho3D,3D GRE,262144,pypulseq,PyPulseq,3,11840.315584093332,11.840315584093332,12.040846250019968,11.840315584093332,12.081100834067911,complete,,
writeGradientEcho3D,3D GRE,262144,pypulseq,PyPulseq,4,12081.100834067911,12.081100834067911,12.040846250019968,11.840315584093332,12.081100834067911,complete,,
writeGradientEcho3D,3D GRE,262144,pypulseq,PyPulseq,5,12681.29766592756,12.68129766592756,12.040846250019968,11.840315584093332,12.081100834067911,complete,,
writeGradientEcho_grappa,writeGradientEcho_grappa,30848,seqeyes,SeqEyes-Plus,1,237.19999933242798,0.23719999933242797,0.22410000038146974,0.22379999971389772,0.22429999971389772,complete,,
writeGradientEcho_grappa,writeGradientEcho_grappa,30848,seqeyes,SeqEyes-Plus,2,223.7999997138977,0.22379999971389772,0.22410000038146974,0.22379999971389772,0.22429999971389772,complete,,
writeGradientEcho_grappa,writeGradientEcho_grappa,30848,seqeyes,SeqEyes-Plus,3,224.10000038146973,0.22410000038146974,0.22410000038146974,0.22379999971389772,0.22429999971389772,complete,,
writeGradientEcho_grappa,writeGradientEcho_grappa,30848,seqeyes,SeqEyes-Plus,4,224.2999997138977,0.22429999971389772,0.22410000038146974,0.22379999971389772,0.22429999971389772,complete,,
writeGradientEcho_grappa,writeGradientEcho_grappa,30848,seqeyes,SeqEyes-Plus,5,221.7000002861023,0.2217000002861023,0.22410000038146974,0.22379999971389772,0.22429999971389772,complete,,
writeGradientEcho_grappa,writeGradientEcho_grappa,30848,matlab,Pulseq MATLAB,1,2336.0867916666666,2.3360867916666668,1.9973444583333333,1.9772777916666666,2.036139125,complete,,
writeGradientEcho_grappa,writeGradientEcho_grappa,30848,matlab,Pulseq MATLAB,2,1997.3444583333333,1.9973444583333333,1.9973444583333333,1.9772777916666666,2.036139125,complete,,
writeGradientEcho_grappa,writeGradientEcho_grappa,30848,matlab,Pulseq MATLAB,3,1972.2278333333334,1.9722278333333334,1.9973444583333333,1.9772777916666666,2.036139125,complete,,
writeGradientEcho_grappa,writeGradientEcho_grappa,30848,matlab,Pulseq MATLAB,4,2036.1391250000001,2.036139125,1.9973444583333333,1.9772777916666666,2.036139125,complete,,
writeGradientEcho_grappa,writeGradientEcho_grappa,30848,matlab,Pulseq MATLAB,5,1977.2777916666666,1.9772777916666666,1.9973444583333333,1.9772777916666666,2.036139125,complete,,
writeGradientEcho_grappa,writeGradientEcho_grappa,30848,pypulseq,PyPulseq,1,907.1550825610757,0.9071550825610757,1.0061075421981514,0.992041208781302,1.0181247498840094,complete,,
writeGradientEcho_grappa,writeGradientEcho_grappa,30848,pypulseq,PyPulseq,2,1607.9416247084737,1.6079416247084737,1.0061075421981514,0.992041208781302,1.0181247498840094,complete,,
writeGradientEcho_grappa,writeGradientEcho_grappa,30848,pypulseq,PyPulseq,3,1006.1075421981514,1.0061075421981514,1.0061075421981514,0.992041208781302,1.0181247498840094,complete,,
writeGradientEcho_grappa,writeGradientEcho_grappa,30848,pypulseq,PyPulseq,4,1018.1247498840094,1.0181247498840094,1.0061075421981514,0.992041208781302,1.0181247498840094,complete,,
writeGradientEcho_grappa,writeGradientEcho_grappa,30848,pypulseq,PyPulseq,5,992.041208781302,0.992041208781302,1.0061075421981514,0.992041208781302,1.0181247498840094,complete,,
writeGradientEcho_label,Labelled GRE,131072,seqeyes,SeqEyes-Plus,1,372.5,0.3725,0.3705,0.3687000002861023,0.3725,complete,,
writeGradientEcho_label,Labelled GRE,131072,seqeyes,SeqEyes-Plus,2,336.99999952316284,0.33699999952316284,0.3705,0.3687000002861023,0.3725,complete,,
writeGradientEcho_label,Labelled GRE,131072,seqeyes,SeqEyes-Plus,3,372.7000002861023,0.3727000002861023,0.3705,0.3687000002861023,0.3725,complete,,
writeGradientEcho_label,Labelled GRE,131072,seqeyes,SeqEyes-Plus,4,368.7000002861023,0.3687000002861023,0.3705,0.3687000002861023,0.3725,complete,,
writeGradientEcho_label,Labelled GRE,131072,seqeyes,SeqEyes-Plus,5,370.5,0.3705,0.3705,0.3687000002861023,0.3725,complete,,
writeGradientEcho_label,Labelled GRE,131072,matlab,Pulseq MATLAB,1,4575.976625,4.575976625,4.279904958333334,4.259755083333333,4.444572791666666,complete,,
writeGradientEcho_label,Labelled GRE,131072,matlab,Pulseq MATLAB,2,4259.7550833333335,4.259755083333333,4.279904958333334,4.259755083333333,4.444572791666666,complete,,
writeGradientEcho_label,Labelled GRE,131072,matlab,Pulseq MATLAB,3,4444.5727916666665,4.444572791666666,4.279904958333334,4.259755083333333,4.444572791666666,complete,,
writeGradientEcho_label,Labelled GRE,131072,matlab,Pulseq MATLAB,4,4208.683541666667,4.208683541666667,4.279904958333334,4.259755083333333,4.444572791666666,complete,,
writeGradientEcho_label,Labelled GRE,131072,matlab,Pulseq MATLAB,5,4279.9049583333335,4.279904958333334,4.279904958333334,4.259755083333333,4.444572791666666,complete,,
writeGradientEcho_label,Labelled GRE,131072,pypulseq,PyPulseq,1,2442.7861250005662,2.4427861250005662,2.5116252917796373,2.495632208418101,2.519430957734585,complete,,
writeGradientEcho_label,Labelled GRE,131072,pypulseq,PyPulseq,2,2519.430957734585,2.519430957734585,2.5116252917796373,2.495632208418101,2.519430957734585,complete,,
writeGradientEcho_label,Labelled GRE,131072,pypulseq,PyPulseq,3,2511.6252917796373,2.5116252917796373,2.5116252917796373,2.495632208418101,2.519430957734585,complete,,
writeGradientEcho_label,Labelled GRE,131072,pypulseq,PyPulseq,4,2495.632208418101,2.495632208418101,2.5116252917796373,2.495632208418101,2.519430957734585,complete,,
writeGradientEcho_label,Labelled GRE,131072,pypulseq,PyPulseq,5,2554.3005000799894,2.5543005000799894,2.5116252917796373,2.495632208418101,2.519430957734585,complete,,
writeHASTE,HASTE,9216,seqeyes,SeqEyes-Plus,1,177.5,0.1775,0.2047999997138977,0.187,0.20690000009536744,complete,,
writeHASTE,HASTE,9216,seqeyes,SeqEyes-Plus,2,204.7999997138977,0.2047999997138977,0.2047999997138977,0.187,0.20690000009536744,complete,,
writeHASTE,HASTE,9216,seqeyes,SeqEyes-Plus,3,213.59999990463257,0.21359999990463258,0.2047999997138977,0.187,0.20690000009536744,complete,,
writeHASTE,HASTE,9216,seqeyes,SeqEyes-Plus,4,187.0,0.187,0.2047999997138977,0.187,0.20690000009536744,complete,,
writeHASTE,HASTE,9216,seqeyes,SeqEyes-Plus,5,206.90000009536743,0.20690000009536744,0.2047999997138977,0.187,0.20690000009536744,complete,,
writeHASTE,HASTE,9216,matlab,Pulseq MATLAB,1,2350.0267083333333,2.3500267083333335,0.8351095833333333,0.83122625,0.84015375,complete,,
writeHASTE,HASTE,9216,matlab,Pulseq MATLAB,2,840.1537500000001,0.84015375,0.8351095833333333,0.83122625,0.84015375,complete,,
writeHASTE,HASTE,9216,matlab,Pulseq MATLAB,3,831.22625,0.83122625,0.8351095833333333,0.83122625,0.84015375,complete,,
writeHASTE,HASTE,9216,matlab,Pulseq MATLAB,4,835.1095833333333,0.8351095833333333,0.8351095833333333,0.83122625,0.84015375,complete,,
writeHASTE,HASTE,9216,matlab,Pulseq MATLAB,5,820.1692916666666,0.8201692916666666,0.8351095833333333,0.83122625,0.84015375,complete,,
writeHASTE,HASTE,9216,pypulseq,PyPulseq,1,359.11862505599856,0.35911862505599856,0.36781495809555054,0.36403025034815073,0.3801110843196511,complete,,
writeHASTE,HASTE,9216,pypulseq,PyPulseq,2,364.03025034815073,0.36403025034815073,0.36781495809555054,0.36403025034815073,0.3801110843196511,complete,,
writeHASTE,HASTE,9216,pypulseq,PyPulseq,3,367.81495809555054,0.36781495809555054,0.36781495809555054,0.36403025034815073,0.3801110843196511,complete,,
writeHASTE,HASTE,9216,pypulseq,PyPulseq,4,1734.04270876199,1.73404270876199,0.36781495809555054,0.36403025034815073,0.3801110843196511,complete,,
writeHASTE,HASTE,9216,pypulseq,PyPulseq,5,380.1110843196511,0.3801110843196511,0.36781495809555054,0.36403025034815073,0.3801110843196511,complete,,
writeRadialGradientEcho,writeRadialGradientEcho,81920,seqeyes,SeqEyes-Plus,1,230.30000019073486,0.23030000019073488,0.2455,0.23259999990463257,0.24630000019073486,complete,,
writeRadialGradientEcho,writeRadialGradientEcho,81920,seqeyes,SeqEyes-Plus,2,245.5,0.2455,0.2455,0.23259999990463257,0.24630000019073486,complete,,
writeRadialGradientEcho,writeRadialGradientEcho,81920,seqeyes,SeqEyes-Plus,3,246.30000019073486,0.24630000019073486,0.2455,0.23259999990463257,0.24630000019073486,complete,,
writeRadialGradientEcho,writeRadialGradientEcho,81920,seqeyes,SeqEyes-Plus,4,232.59999990463257,0.23259999990463257,0.2455,0.23259999990463257,0.24630000019073486,complete,,
writeRadialGradientEcho,writeRadialGradientEcho,81920,seqeyes,SeqEyes-Plus,5,260.0,0.26,0.2455,0.23259999990463257,0.24630000019073486,complete,,
writeRadialGradientEcho,writeRadialGradientEcho,81920,matlab,Pulseq MATLAB,1,2366.456791666667,2.366456791666667,2.366456791666667,2.357251375,2.37287125,complete,,
writeRadialGradientEcho,writeRadialGradientEcho,81920,matlab,Pulseq MATLAB,2,2372.87125,2.37287125,2.366456791666667,2.357251375,2.37287125,complete,,
writeRadialGradientEcho,writeRadialGradientEcho,81920,matlab,Pulseq MATLAB,3,2349.130458333333,2.3491304583333332,2.366456791666667,2.357251375,2.37287125,complete,,
writeRadialGradientEcho,writeRadialGradientEcho,81920,matlab,Pulseq MATLAB,4,2357.2513750000003,2.357251375,2.366456791666667,2.357251375,2.37287125,complete,,
writeRadialGradientEcho,writeRadialGradientEcho,81920,matlab,Pulseq MATLAB,5,2437.452208333333,2.437452208333333,2.366456791666667,2.357251375,2.37287125,complete,,
writeRadialGradientEcho,writeRadialGradientEcho,81920,pypulseq,PyPulseq,1,1506.1988336965442,1.5061988336965442,1.5061988336965442,1.4838374159298837,1.512569958344102,complete,,
writeRadialGradientEcho,writeRadialGradientEcho,81920,pypulseq,PyPulseq,2,1512.569958344102,1.512569958344102,1.5061988336965442,1.4838374159298837,1.512569958344102,complete,,
writeRadialGradientEcho,writeRadialGradientEcho,81920,pypulseq,PyPulseq,3,1448.2665001414716,1.4482665001414716,1.5061988336965442,1.4838374159298837,1.512569958344102,complete,,
writeRadialGradientEcho,writeRadialGradientEcho,81920,pypulseq,PyPulseq,4,1522.3143748007715,1.5223143748007715,1.5061988336965442,1.4838374159298837,1.512569958344102,complete,,
writeRadialGradientEcho,writeRadialGradientEcho,81920,pypulseq,PyPulseq,5,1483.8374159298837,1.4838374159298837,1.5061988336965442,1.4838374159298837,1.512569958344102,complete,,
writeRadialGradientEcho_rotExt,writeRadialGradientEcho_rotExt,81920,seqeyes,SeqEyes-Plus,1,231.09999990463257,0.23109999990463256,0.24630000019073486,0.23230000019073485,0.24680000019073486,complete,,
writeRadialGradientEcho_rotExt,writeRadialGradientEcho_rotExt,81920,seqeyes,SeqEyes-Plus,2,232.30000019073486,0.23230000019073485,0.24630000019073486,0.23230000019073485,0.24680000019073486,complete,,
writeRadialGradientEcho_rotExt,writeRadialGradientEcho_rotExt,81920,seqeyes,SeqEyes-Plus,3,246.30000019073486,0.24630000019073486,0.24630000019073486,0.23230000019073485,0.24680000019073486,complete,,
writeRadialGradientEcho_rotExt,writeRadialGradientEcho_rotExt,81920,seqeyes,SeqEyes-Plus,4,246.80000019073486,0.24680000019073486,0.24630000019073486,0.23230000019073485,0.24680000019073486,complete,,
writeRadialGradientEcho_rotExt,writeRadialGradientEcho_rotExt,81920,seqeyes,SeqEyes-Plus,5,247.30000019073486,0.24730000019073486,0.24630000019073486,0.23230000019073485,0.24680000019073486,complete,,
writeRadialGradientEcho_rotExt,writeRadialGradientEcho_rotExt,81920,matlab,Pulseq MATLAB,1,2851.272708333333,2.851272708333333,2.525514,2.4991655,2.546051708333333,complete,,
writeRadialGradientEcho_rotExt,writeRadialGradientEcho_rotExt,81920,matlab,Pulseq MATLAB,2,2546.051708333333,2.546051708333333,2.525514,2.4991655,2.546051708333333,complete,,
writeRadialGradientEcho_rotExt,writeRadialGradientEcho_rotExt,81920,matlab,Pulseq MATLAB,3,2465.221916666667,2.4652219166666667,2.525514,2.4991655,2.546051708333333,complete,,
writeRadialGradientEcho_rotExt,writeRadialGradientEcho_rotExt,81920,matlab,Pulseq MATLAB,4,2499.1655,2.4991655,2.525514,2.4991655,2.546051708333333,complete,,
writeRadialGradientEcho_rotExt,writeRadialGradientEcho_rotExt,81920,matlab,Pulseq MATLAB,5,2525.5139999999997,2.525514,2.525514,2.4991655,2.546051708333333,complete,,
writeRadialGradientEcho_rotExt,writeRadialGradientEcho_rotExt,81920,pypulseq,PyPulseq,1,,,,,,failed,ValueError,Unknown section code: extension ROTATIONS 1
writeRadialGradientEcho_rotExt,writeRadialGradientEcho_rotExt,81920,pypulseq,PyPulseq,2,,,,,,failed,ValueError,Unknown section code: extension ROTATIONS 1
writeRadialGradientEcho_rotExt,writeRadialGradientEcho_rotExt,81920,pypulseq,PyPulseq,3,,,,,,failed,ValueError,Unknown section code: extension ROTATIONS 1
writeRadialGradientEcho_rotExt,writeRadialGradientEcho_rotExt,81920,pypulseq,PyPulseq,4,,,,,,failed,ValueError,Unknown section code: extension ROTATIONS 1
writeRadialGradientEcho_rotExt,writeRadialGradientEcho_rotExt,81920,pypulseq,PyPulseq,5,,,,,,failed,ValueError,Unknown section code: extension ROTATIONS 1
writeSelectiveRf,Selective RF,65536,seqeyes,SeqEyes-Plus,1,1244.6753751907345,1.2446753751907345,1.2198833748092657,1.1926935420953741,1.2446753751907345,complete,,
writeSelectiveRf,Selective RF,65536,seqeyes,SeqEyes-Plus,2,1219.8833748092657,1.2198833748092657,1.2198833748092657,1.1926935420953741,1.2446753751907345,complete,,
writeSelectiveRf,Selective RF,65536,seqeyes,SeqEyes-Plus,3,1323.3404170953654,1.3233404170953653,1.2198833748092657,1.1926935420953741,1.2446753751907345,complete,,
writeSelectiveRf,Selective RF,65536,seqeyes,SeqEyes-Plus,4,1192.6935420953741,1.1926935420953741,1.2198833748092657,1.1926935420953741,1.2446753751907345,complete,,
writeSelectiveRf,Selective RF,65536,seqeyes,SeqEyes-Plus,5,1184.9460832861078,1.1849460832861078,1.2198833748092657,1.1926935420953741,1.2446753751907345,complete,,
writeSelectiveRf,Selective RF,65536,matlab,Pulseq MATLAB,1,3930.5571666666665,3.9305571666666665,3.8388678333333335,3.821262875,3.9305571666666665,complete,,
writeSelectiveRf,Selective RF,65536,matlab,Pulseq MATLAB,2,4031.854333333333,4.031854333333333,3.8388678333333335,3.821262875,3.9305571666666665,complete,,
writeSelectiveRf,Selective RF,65536,matlab,Pulseq MATLAB,3,3821.262875,3.821262875,3.8388678333333335,3.821262875,3.9305571666666665,complete,,
writeSelectiveRf,Selective RF,65536,matlab,Pulseq MATLAB,4,3838.8678333333337,3.8388678333333335,3.8388678333333335,3.821262875,3.9305571666666665,complete,,
writeSelectiveRf,Selective RF,65536,matlab,Pulseq MATLAB,5,3818.5911666666666,3.8185911666666668,3.8388678333333335,3.821262875,3.9305571666666665,complete,,
writeSelectiveRf,Selective RF,65536,pypulseq,PyPulseq,1,2753.114250022918,2.753114250022918,2.6259043752215803,2.6253616670146585,2.6837600409053266,complete,,
writeSelectiveRf,Selective RF,65536,pypulseq,PyPulseq,2,2622.1649167127907,2.6221649167127907,2.6259043752215803,2.6253616670146585,2.6837600409053266,complete,,
writeSelectiveRf,Selective RF,65536,pypulseq,PyPulseq,3,2625.3616670146585,2.6253616670146585,2.6259043752215803,2.6253616670146585,2.6837600409053266,complete,,
writeSelectiveRf,Selective RF,65536,pypulseq,PyPulseq,4,2625.9043752215803,2.6259043752215803,2.6259043752215803,2.6253616670146585,2.6837600409053266,complete,,
writeSelectiveRf,Selective RF,65536,pypulseq,PyPulseq,5,2683.7600409053266,2.6837600409053266,2.6259043752215803,2.6253616670146585,2.6837600409053266,complete,,
writeSpiral,Spiral,1535600,seqeyes,SeqEyes-Plus,1,1002.5,1.0025,0.9608000001907349,0.9602999997138977,0.9855999999046325,complete,,
writeSpiral,Spiral,1535600,seqeyes,SeqEyes-Plus,2,960.8000001907349,0.9608000001907349,0.9608000001907349,0.9602999997138977,0.9855999999046325,complete,,
writeSpiral,Spiral,1535600,seqeyes,SeqEyes-Plus,3,985.5999999046326,0.9855999999046325,0.9608000001907349,0.9602999997138977,0.9855999999046325,complete,,
writeSpiral,Spiral,1535600,seqeyes,SeqEyes-Plus,4,923.0,0.923,0.9608000001907349,0.9602999997138977,0.9855999999046325,complete,,
writeSpiral,Spiral,1535600,seqeyes,SeqEyes-Plus,5,960.2999997138977,0.9602999997138977,0.9608000001907349,0.9602999997138977,0.9855999999046325,complete,,
writeSpiral,Spiral,1535600,matlab,Pulseq MATLAB,1,2146.6116666666667,2.146611666666667,1.9254159583333332,1.86956475,1.9725758333333334,complete,,
writeSpiral,Spiral,1535600,matlab,Pulseq MATLAB,2,1972.5758333333333,1.9725758333333334,1.9254159583333332,1.86956475,1.9725758333333334,complete,,
writeSpiral,Spiral,1535600,matlab,Pulseq MATLAB,3,1925.4159583333333,1.9254159583333332,1.9254159583333332,1.86956475,1.9725758333333334,complete,,
writeSpiral,Spiral,1535600,matlab,Pulseq MATLAB,4,1830.7078333333334,1.8307078333333333,1.9254159583333332,1.86956475,1.9725758333333334,complete,,
writeSpiral,Spiral,1535600,matlab,Pulseq MATLAB,5,1869.56475,1.86956475,1.9254159583333332,1.86956475,1.9725758333333334,complete,,
writeSpiral,Spiral,1535600,pypulseq,PyPulseq,1,9139.470541384071,9.139470541384071,9.139470541384071,8.999462540727109,9.15106170810759,complete,,
writeSpiral,Spiral,1535600,pypulseq,PyPulseq,2,8999.462540727109,8.999462540727109,9.139470541384071,8.999462540727109,9.15106170810759,complete,,
writeSpiral,Spiral,1535600,pypulseq,PyPulseq,3,8963.919375091791,8.963919375091791,9.139470541384071,8.999462540727109,9.15106170810759,complete,,
writeSpiral,Spiral,1535600,pypulseq,PyPulseq,4,9236.17187468335,9.23617187468335,9.139470541384071,8.999462540727109,9.15106170810759,complete,,
writeSpiral,Spiral,1535600,pypulseq,PyPulseq,5,9151.06170810759,9.15106170810759,9.139470541384071,8.999462540727109,9.15106170810759,complete,,
writeTSE,TSE,65536,seqeyes,SeqEyes-Plus,1,423.5,0.4235,0.41650000047683716,0.4107999997138977,0.4235,complete,,
writeTSE,TSE,65536,seqeyes,SeqEyes-Plus,2,451.0,0.451,0.41650000047683716,0.4107999997138977,0.4235,complete,,
writeTSE,TSE,65536,seqeyes,SeqEyes-Plus,3,402.99999952316284,0.40299999952316284,0.41650000047683716,0.4107999997138977,0.4235,complete,,
writeTSE,TSE,65536,seqeyes,SeqEyes-Plus,4,410.7999997138977,0.4107999997138977,0.41650000047683716,0.4107999997138977,0.4235,complete,,
writeTSE,TSE,65536,seqeyes,SeqEyes-Plus,5,416.50000047683716,0.41650000047683716,0.41650000047683716,0.4107999997138977,0.4235,complete,,
writeTSE,TSE,65536,matlab,Pulseq MATLAB,1,2344.2269166666665,2.3442269166666665,2.2902305833333334,2.279526125,2.310411791666666,complete,,
writeTSE,TSE,65536,matlab,Pulseq MATLAB,2,2279.526125,2.279526125,2.2902305833333334,2.279526125,2.310411791666666,complete,,
writeTSE,TSE,65536,matlab,Pulseq MATLAB,3,2290.2305833333335,2.2902305833333334,2.2902305833333334,2.279526125,2.310411791666666,complete,,
writeTSE,TSE,65536,matlab,Pulseq MATLAB,4,2263.7070833333332,2.2637070833333333,2.2902305833333334,2.279526125,2.310411791666666,complete,,
writeTSE,TSE,65536,matlab,Pulseq MATLAB,5,2310.4117916666664,2.310411791666666,2.2902305833333334,2.279526125,2.310411791666666,complete,,
writeTSE,TSE,65536,pypulseq,PyPulseq,1,1343.2730417698622,1.3432730417698622,1.301733082626015,1.3007888747379184,1.3116949158720672,complete,,
writeTSE,TSE,65536,pypulseq,PyPulseq,2,1301.733082626015,1.301733082626015,1.301733082626015,1.3007888747379184,1.3116949158720672,complete,,
writeTSE,TSE,65536,pypulseq,PyPulseq,3,1297.8947078809142,1.2978947078809142,1.301733082626015,1.3007888747379184,1.3116949158720672,complete,,
writeTSE,TSE,65536,pypulseq,PyPulseq,4,1300.7888747379184,1.3007888747379184,1.301733082626015,1.3007888747379184,1.3116949158720672,complete,,
writeTSE,TSE,65536,pypulseq,PyPulseq,5,1311.6949158720672,1.3116949158720672,1.301733082626015,1.3007888747379184,1.3116949158720672,complete,,
writeTSEprop,TSEprop,28672,seqeyes,SeqEyes-Plus,1,634.7999997138977,0.6347999997138977,0.625,0.6249000000953674,0.6347999997138977,complete,,
writeTSEprop,TSEprop,28672,seqeyes,SeqEyes-Plus,2,624.9000000953674,0.6249000000953674,0.625,0.6249000000953674,0.6347999997138977,complete,,
writeTSEprop,TSEprop,28672,seqeyes,SeqEyes-Plus,3,726.5,0.7265,0.625,0.6249000000953674,0.6347999997138977,complete,,
writeTSEprop,TSEprop,28672,seqeyes,SeqEyes-Plus,4,624.699999332428,0.6246999993324279,0.625,0.6249000000953674,0.6347999997138977,complete,,
writeTSEprop,TSEprop,28672,seqeyes,SeqEyes-Plus,5,625.0,0.625,0.625,0.6249000000953674,0.6347999997138977,complete,,
writeTSEprop,TSEprop,28672,matlab,Pulseq MATLAB,1,4680.697666666667,4.680697666666667,4.329799166666667,4.267571666666667,4.555137666666668,complete,,
writeTSEprop,TSEprop,28672,matlab,Pulseq MATLAB,2,4267.571666666667,4.267571666666667,4.329799166666667,4.267571666666667,4.555137666666668,complete,,
writeTSEprop,TSEprop,28672,matlab,Pulseq MATLAB,3,4109.335749999999,4.10933575,4.329799166666667,4.267571666666667,4.555137666666668,complete,,
writeTSEprop,TSEprop,28672,matlab,Pulseq MATLAB,4,4555.137666666667,4.555137666666668,4.329799166666667,4.267571666666667,4.555137666666668,complete,,
writeTSEprop,TSEprop,28672,matlab,Pulseq MATLAB,5,4329.799166666667,4.329799166666667,4.329799166666667,4.267571666666667,4.555137666666668,complete,,
writeTSEprop,TSEprop,28672,pypulseq,PyPulseq,1,,,,,,failed,ValueError,Unknown section code: extension ROTATIONS 1
writeTSEprop,TSEprop,28672,pypulseq,PyPulseq,2,,,,,,failed,ValueError,Unknown section code: extension ROTATIONS 1
writeTSEprop,TSEprop,28672,pypulseq,PyPulseq,3,,,,,,failed,ValueError,Unknown section code: extension ROTATIONS 1
writeTSEprop,TSEprop,28672,pypulseq,PyPulseq,4,,,,,,failed,ValueError,Unknown section code: extension ROTATIONS 1
writeTSEprop,TSEprop,28672,pypulseq,PyPulseq,5,,,,,,failed,ValueError,Unknown section code: extension ROTATIONS 1
writeTrufi,Trufi,65536,seqeyes,SeqEyes-Plus,1,165.09999990463257,0.16509999990463256,0.19740000009536743,0.17990000009536744,0.1977999997138977,complete,,
writeTrufi,Trufi,65536,seqeyes,SeqEyes-Plus,2,179.90000009536743,0.17990000009536744,0.19740000009536743,0.17990000009536744,0.1977999997138977,complete,,
writeTrufi,Trufi,65536,seqeyes,SeqEyes-Plus,3,197.40000009536743,0.19740000009536743,0.19740000009536743,0.17990000009536744,0.1977999997138977,complete,,
writeTrufi,Trufi,65536,seqeyes,SeqEyes-Plus,4,197.7999997138977,0.1977999997138977,0.19740000009536743,0.17990000009536744,0.1977999997138977,complete,,
writeTrufi,Trufi,65536,seqeyes,SeqEyes-Plus,5,199.09999990463257,0.19909999990463256,0.19740000009536743,0.17990000009536744,0.1977999997138977,complete,,
writeTrufi,Trufi,65536,matlab,Pulseq MATLAB,1,2104.764416666667,2.104764416666667,2.0067002916666667,1.8764699583333333,2.104764416666667,complete,,
writeTrufi,Trufi,65536,matlab,Pulseq MATLAB,2,1876.4699583333334,1.8764699583333333,2.0067002916666667,1.8764699583333333,2.104764416666667,complete,,
writeTrufi,Trufi,65536,matlab,Pulseq MATLAB,3,1831.6084166666667,1.8316084166666666,2.0067002916666667,1.8764699583333333,2.104764416666667,complete,,
writeTrufi,Trufi,65536,matlab,Pulseq MATLAB,4,2187.0005,2.1870005,2.0067002916666667,1.8764699583333333,2.104764416666667,complete,,
writeTrufi,Trufi,65536,matlab,Pulseq MATLAB,5,2006.7002916666668,2.0067002916666667,2.0067002916666667,1.8764699583333333,2.104764416666667,complete,,
writeTrufi,Trufi,65536,pypulseq,PyPulseq,1,1105.6484999135137,1.1056484999135137,1.0704470830969512,1.0548803750425577,1.0827635838650167,complete,,
writeTrufi,Trufi,65536,pypulseq,PyPulseq,2,1070.4470830969512,1.0704470830969512,1.0704470830969512,1.0548803750425577,1.0827635838650167,complete,,
writeTrufi,Trufi,65536,pypulseq,PyPulseq,3,1054.8803750425577,1.0548803750425577,1.0704470830969512,1.0548803750425577,1.0827635838650167,complete,,
writeTrufi,Trufi,65536,pypulseq,PyPulseq,4,1082.7635838650167,1.0827635838650167,1.0704470830969512,1.0548803750425577,1.0827635838650167,complete,,
writeTrufi,Trufi,65536,pypulseq,PyPulseq,5,1045.4278751276433,1.0454278751276433,1.0704470830969512,1.0548803750425577,1.0827635838650167,complete,,
writeUTE,UTE,131072,seqeyes,SeqEyes-Plus,1,254.4000005722046,0.2544000005722046,0.24369999980926513,0.22639999961853027,0.2544000005722046,complete,,
writeUTE,UTE,131072,seqeyes,SeqEyes-Plus,2,255.0,0.255,0.24369999980926513,0.22639999961853027,0.2544000005722046,complete,,
writeUTE,UTE,131072,seqeyes,SeqEyes-Plus,3,243.69999980926514,0.24369999980926513,0.24369999980926513,0.22639999961853027,0.2544000005722046,complete,,
writeUTE,UTE,131072,seqeyes,SeqEyes-Plus,4,216.89999961853027,0.21689999961853026,0.24369999980926513,0.22639999961853027,0.2544000005722046,complete,,
writeUTE,UTE,131072,seqeyes,SeqEyes-Plus,5,226.39999961853027,0.22639999961853027,0.24369999980926513,0.22639999961853027,0.2544000005722046,complete,,
writeUTE,UTE,131072,matlab,Pulseq MATLAB,1,2287.4372916666666,2.2874372916666665,2.2850626666666667,2.22746275,2.2874372916666665,complete,,
writeUTE,UTE,131072,matlab,Pulseq MATLAB,2,2360.4625,2.3604625,2.2850626666666667,2.22746275,2.2874372916666665,complete,,
writeUTE,UTE,131072,matlab,Pulseq MATLAB,3,2285.0626666666667,2.2850626666666667,2.2850626666666667,2.22746275,2.2874372916666665,complete,,
writeUTE,UTE,131072,matlab,Pulseq MATLAB,4,2227.46275,2.22746275,2.2850626666666667,2.22746275,2.2874372916666665,complete,,
writeUTE,UTE,131072,matlab,Pulseq MATLAB,5,2212.7999166666664,2.2127999166666665,2.2850626666666667,2.22746275,2.2874372916666665,complete,,
writeUTE,UTE,131072,pypulseq,PyPulseq,1,1571.6700833290815,1.5716700833290815,1.601911833975464,1.5716700833290815,1.7157104169018567,complete,,
writeUTE,UTE,131072,pypulseq,PyPulseq,2,1601.911833975464,1.601911833975464,1.601911833975464,1.5716700833290815,1.7157104169018567,complete,,
writeUTE,UTE,131072,pypulseq,PyPulseq,3,1562.877207994461,1.562877207994461,1.601911833975464,1.5716700833290815,1.7157104169018567,complete,,
writeUTE,UTE,131072,pypulseq,PyPulseq,4,1715.7104169018567,1.7157104169018567,1.601911833975464,1.5716700833290815,1.7157104169018567,complete,,
writeUTE,UTE,131072,pypulseq,PyPulseq,5,1758.6025418713689,1.7586025418713689,1.601911833975464,1.5716700833290815,1.7157104169018567,complete,,
writeUTE_rs,writeUTE_rs,460800,seqeyes,SeqEyes-Plus,1,653.6000003814697,0.6536000003814697,0.6448000001907349,0.6436999998092652,0.6536000003814697,complete,,
writeUTE_rs,writeUTE_rs,460800,seqeyes,SeqEyes-Plus,2,644.8000001907349,0.6448000001907349,0.6448000001907349,0.6436999998092652,0.6536000003814697,complete,,
writeUTE_rs,writeUTE_rs,460800,seqeyes,SeqEyes-Plus,3,643.6999998092651,0.6436999998092652,0.6448000001907349,0.6436999998092652,0.6536000003814697,complete,,
writeUTE_rs,writeUTE_rs,460800,seqeyes,SeqEyes-Plus,4,627.4000000953674,0.6274000000953674,0.6448000001907349,0.6436999998092652,0.6536000003814697,complete,,
writeUTE_rs,writeUTE_rs,460800,seqeyes,SeqEyes-Plus,5,664.2999997138977,0.6642999997138977,0.6448000001907349,0.6436999998092652,0.6536000003814697,complete,,
writeUTE_rs,writeUTE_rs,460800,matlab,Pulseq MATLAB,1,4696.842333333334,4.696842333333334,4.753724666666667,4.74799775,4.7801445,complete,,
writeUTE_rs,writeUTE_rs,460800,matlab,Pulseq MATLAB,2,4780.144499999999,4.7801445,4.753724666666667,4.74799775,4.7801445,complete,,
writeUTE_rs,writeUTE_rs,460800,matlab,Pulseq MATLAB,3,4753.724666666667,4.753724666666667,4.753724666666667,4.74799775,4.7801445,complete,,
writeUTE_rs,writeUTE_rs,460800,matlab,Pulseq MATLAB,4,4980.632625,4.980632625,4.753724666666667,4.74799775,4.7801445,complete,,
writeUTE_rs,writeUTE_rs,460800,matlab,Pulseq MATLAB,5,4747.9977499999995,4.74799775,4.753724666666667,4.74799775,4.7801445,complete,,
writeUTE_rs,writeUTE_rs,460800,pypulseq,PyPulseq,1,4271.1972910910845,4.2711972910910845,4.2711972910910845,4.2705776249058545,4.282159458845854,complete,,
writeUTE_rs,writeUTE_rs,460800,pypulseq,PyPulseq,2,4282.159458845854,4.282159458845854,4.2711972910910845,4.2705776249058545,4.282159458845854,complete,,
writeUTE_rs,writeUTE_rs,460800,pypulseq,PyPulseq,3,4357.646082993597,4.357646082993597,4.2711972910910845,4.2705776249058545,4.282159458845854,complete,,
writeUTE_rs,writeUTE_rs,460800,pypulseq,PyPulseq,4,4269.2445842549205,4.2692445842549205,4.2711972910910845,4.2705776249058545,4.282159458845854,complete,,
writeUTE_rs,writeUTE_rs,460800,pypulseq,PyPulseq,5,4270.5776249058545,4.2705776249058545,4.2711972910910845,4.2705776249058545,4.282159458845854,complete,,
writeZTE_Petra,ZTE PETRA,3383700,seqeyes,SeqEyes-Plus,1,2252.2000002861023,2.2522000002861025,2.267,2.2522000002861025,2.40639999961853,complete,,
writeZTE_Petra,ZTE PETRA,3383700,seqeyes,SeqEyes-Plus,2,2406.3999996185303,2.40639999961853,2.267,2.2522000002861025,2.40639999961853,complete,,
writeZTE_Petra,ZTE PETRA,3383700,seqeyes,SeqEyes-Plus,3,2242.199999809265,2.242199999809265,2.267,2.2522000002861025,2.40639999961853,complete,,
writeZTE_Petra,ZTE PETRA,3383700,seqeyes,SeqEyes-Plus,4,2496.5999999046326,2.4965999999046327,2.267,2.2522000002861025,2.40639999961853,complete,,
writeZTE_Petra,ZTE PETRA,3383700,seqeyes,SeqEyes-Plus,5,2267.0,2.267,2.267,2.2522000002861025,2.40639999961853,complete,,
writeZTE_Petra,ZTE PETRA,3383700,matlab,Pulseq MATLAB,1,102569.58779166666,102.56958779166666,124.261573125,115.09332608333334,127.082223,complete,,
writeZTE_Petra,ZTE PETRA,3383700,matlab,Pulseq MATLAB,2,115093.32608333333,115.09332608333334,124.261573125,115.09332608333334,127.082223,complete,,
writeZTE_Petra,ZTE PETRA,3383700,matlab,Pulseq MATLAB,3,124261.573125,124.261573125,124.261573125,115.09332608333334,127.082223,complete,,
writeZTE_Petra,ZTE PETRA,3383700,matlab,Pulseq MATLAB,4,127082.223,127.082223,124.261573125,115.09332608333334,127.082223,complete,,
writeZTE_Petra,ZTE PETRA,3383700,matlab,Pulseq MATLAB,5,133421.71654166665,133.42171654166665,124.261573125,115.09332608333334,127.082223,complete,,
writeZTE_Petra,ZTE PETRA,3383700,pypulseq,PyPulseq,1,45320.58154186234,45.32058154186234,48.065729999914765,46.73584591597319,49.36161758378148,complete,,
writeZTE_Petra,ZTE PETRA,3383700,pypulseq,PyPulseq,2,46735.84591597319,46.73584591597319,48.065729999914765,46.73584591597319,49.36161758378148,complete,,
writeZTE_Petra,ZTE PETRA,3383700,pypulseq,PyPulseq,3,48065.729999914765,48.065729999914765,48.065729999914765,46.73584591597319,49.36161758378148,complete,,
writeZTE_Petra,ZTE PETRA,3383700,pypulseq,PyPulseq,4,49361.61758378148,49.36161758378148,48.065729999914765,46.73584591597319,49.36161758378148,complete,,
writeZTE_Petra,ZTE PETRA,3383700,pypulseq,PyPulseq,5,49562.373499851674,49.562373499851674,48.065729999914765,46.73584591597319,49.36161758378148,complete,,
writeZTE_Petra_sodium,Sodium ZTE PETRA,6994800,seqeyes,SeqEyes-Plus,1,4901.900000572205,4.901900000572205,5.2272000002861025,4.901900000572205,5.317300000190735,complete,,
writeZTE_Petra_sodium,Sodium ZTE PETRA,6994800,seqeyes,SeqEyes-Plus,2,4852.400000095367,4.8524000000953675,5.2272000002861025,4.901900000572205,5.317300000190735,complete,,
writeZTE_Petra_sodium,Sodium ZTE PETRA,6994800,seqeyes,SeqEyes-Plus,3,5227.200000286102,5.2272000002861025,5.2272000002861025,4.901900000572205,5.317300000190735,complete,,
writeZTE_Petra_sodium,Sodium ZTE PETRA,6994800,seqeyes,SeqEyes-Plus,4,5417.799999713898,5.417799999713898,5.2272000002861025,4.901900000572205,5.317300000190735,complete,,
writeZTE_Petra_sodium,Sodium ZTE PETRA,6994800,seqeyes,SeqEyes-Plus,5,5317.300000190735,5.317300000190735,5.2272000002861025,4.901900000572205,5.317300000190735,complete,,
writeZTE_Petra_sodium,Sodium ZTE PETRA,6994800,matlab,Pulseq MATLAB,1,410712.90900000004,410.712909,410.712909,400.35728995833335,419.496845375,complete,,
writeZTE_Petra_sodium,Sodium ZTE PETRA,6994800,matlab,Pulseq MATLAB,2,419496.84537500003,419.496845375,410.712909,400.35728995833335,419.496845375,complete,,
writeZTE_Petra_sodium,Sodium ZTE PETRA,6994800,matlab,Pulseq MATLAB,3,384720.4700833333,384.72047008333334,410.712909,400.35728995833335,419.496845375,complete,,
writeZTE_Petra_sodium,Sodium ZTE PETRA,6994800,matlab,Pulseq MATLAB,4,400357.28995833336,400.35728995833335,410.712909,400.35728995833335,419.496845375,complete,,
writeZTE_Petra_sodium,Sodium ZTE PETRA,6994800,matlab,Pulseq MATLAB,5,453880.73225,453.88073225,410.712909,400.35728995833335,419.496845375,complete,,
writeZTE_Petra_sodium,Sodium ZTE PETRA,6994800,pypulseq,PyPulseq,1,101860.54470902309,101.86054470902309,101.57867416692898,100.40786570915952,101.86054470902309,complete,,
writeZTE_Petra_sodium,Sodium ZTE PETRA,6994800,pypulseq,PyPulseq,2,100407.86570915952,100.40786570915952,101.57867416692898,100.40786570915952,101.86054470902309,complete,,
writeZTE_Petra_sodium,Sodium ZTE PETRA,6994800,pypulseq,PyPulseq,3,103469.54937465489,103.46954937465489,101.57867416692898,100.40786570915952,101.86054470902309,complete,,
writeZTE_Petra_sodium,Sodium ZTE PETRA,6994800,pypulseq,PyPulseq,4,101578.67416692898,101.57867416692898,101.57867416692898,100.40786570915952,101.86054470902309,complete,,
writeZTE_Petra_sodium,Sodium ZTE PETRA,6994800,pypulseq,PyPulseq,5,99451.21229160577,99.45121229160577,101.57867416692898,100.40786570915952,101.86054470902309,complete,,
write_demo_automatic_TRID_labels,write_demo_automatic_TRID_labels,4096,seqeyes,SeqEyes-Plus,1,125.10000038146973,0.12510000038146973,0.15369999980926513,0.15220000028610228,0.1775,complete,,
write_demo_automatic_TRID_labels,write_demo_automatic_TRID_labels,4096,seqeyes,SeqEyes-Plus,2,153.69999980926514,0.15369999980926513,0.15369999980926513,0.15220000028610228,0.1775,complete,,
write_demo_automatic_TRID_labels,write_demo_automatic_TRID_labels,4096,seqeyes,SeqEyes-Plus,3,203.59999990463257,0.20359999990463257,0.15369999980926513,0.15220000028610228,0.1775,complete,,
write_demo_automatic_TRID_labels,write_demo_automatic_TRID_labels,4096,seqeyes,SeqEyes-Plus,4,177.5,0.1775,0.15369999980926513,0.15220000028610228,0.1775,complete,,
write_demo_automatic_TRID_labels,write_demo_automatic_TRID_labels,4096,seqeyes,SeqEyes-Plus,5,152.2000002861023,0.15220000028610228,0.15369999980926513,0.15220000028610228,0.1775,complete,,
write_demo_automatic_TRID_labels,write_demo_automatic_TRID_labels,4096,matlab,Pulseq MATLAB,1,809.3389583333334,0.8093389583333334,0.46573454166666667,0.46166308333333334,0.46710383333333333,complete,,
write_demo_automatic_TRID_labels,write_demo_automatic_TRID_labels,4096,matlab,Pulseq MATLAB,2,467.10383333333334,0.46710383333333333,0.46573454166666667,0.46166308333333334,0.46710383333333333,complete,,
write_demo_automatic_TRID_labels,write_demo_automatic_TRID_labels,4096,matlab,Pulseq MATLAB,3,458.834,0.458834,0.46573454166666667,0.46166308333333334,0.46710383333333333,complete,,
write_demo_automatic_TRID_labels,write_demo_automatic_TRID_labels,4096,matlab,Pulseq MATLAB,4,461.66308333333336,0.46166308333333334,0.46573454166666667,0.46166308333333334,0.46710383333333333,complete,,
write_demo_automatic_TRID_labels,write_demo_automatic_TRID_labels,4096,matlab,Pulseq MATLAB,5,465.73454166666664,0.46573454166666667,0.46573454166666667,0.46166308333333334,0.46710383333333333,complete,,
write_demo_automatic_TRID_labels,write_demo_automatic_TRID_labels,4096,pypulseq,PyPulseq,1,189.09187521785498,0.18909187521785498,0.18909187521785498,0.1863427497446537,0.21261558262631297,complete,,
write_demo_automatic_TRID_labels,write_demo_automatic_TRID_labels,4096,pypulseq,PyPulseq,2,372.7166671305895,0.3727166671305895,0.18909187521785498,0.1863427497446537,0.21261558262631297,complete,,
write_demo_automatic_TRID_labels,write_demo_automatic_TRID_labels,4096,pypulseq,PyPulseq,3,186.3427497446537,0.1863427497446537,0.18909187521785498,0.1863427497446537,0.21261558262631297,complete,,
write_demo_automatic_TRID_labels,write_demo_automatic_TRID_labels,4096,pypulseq,PyPulseq,4,212.61558262631297,0.21261558262631297,0.18909187521785498,0.1863427497446537,0.21261558262631297,complete,,
write_demo_automatic_TRID_labels,write_demo_automatic_TRID_labels,4096,pypulseq,PyPulseq,5,185.67929230630398,0.18567929230630398,0.18909187521785498,0.1863427497446537,0.21261558262631297,complete,,
